filename,tile_id,mse
tile_26299_mse_0.049900.png,26299,0.0499
tile_46657_mse_0.045703.png,46657,0.045703
tile_10305_mse_0.044037.png,10305,0.044037
tile_37136_mse_0.042848.png,37136,0.042848
tile_46658_mse_0.042339.png,46658,0.042339
tile_65978_mse_0.041851.png,65978,0.041851
tile_26877_mse_0.028097.png,26877,0.028097
tile_57301_mse_0.027532.png,57301,0.027532
tile_37135_mse_0.027283.png,37135,0.027283
tile_46672_mse_0.026919.png,46672,0.026919
tile_15910_mse_0.026700.png,15910,0.0267
tile_55713_mse_0.026163.png,55713,0.026163
tile_65993_mse_0.025862.png,65993,0.025862
tile_70020_mse_0.025425.png,70020,0.025425
tile_46673_mse_0.025011.png,46673,0.025011
tile_12394_mse_0.023660.png,12394,0.02366
tile_01239_mse_0.023164.png,1239,0.023164
tile_64742_mse_0.022350.png,64742,0.02235
tile_26300_mse_0.021652.png,26300,0.021652
tile_26314_mse_0.020593.png,26314,0.020593
tile_40528_mse_0.020553.png,40528,0.020553
tile_12072_mse_0.020414.png,12072,0.020414
tile_24091_mse_0.018932.png,24091,0.018932
tile_09291_mse_0.017869.png,9291,0.017869
tile_09386_mse_0.015591.png,9386,0.015591
tile_45407_mse_0.015514.png,45407,0.015514
tile_27695_mse_0.015450.png,27695,0.01545
tile_68795_mse_0.015243.png,68795,0.015243
tile_61919_mse_0.014891.png,61919,0.014891
tile_30270_mse_0.014467.png,30270,0.014467
tile_67188_mse_0.014348.png,67188,0.014348
tile_20262_mse_0.014305.png,20262,0.014305
tile_13669_mse_0.013889.png,13669,0.013889
tile_26315_mse_0.013668.png,26315,0.013668
tile_15483_mse_0.013664.png,15483,0.013664
tile_54609_mse_0.013295.png,54609,0.013295
tile_39105_mse_0.013172.png,39105,0.013172
tile_01287_mse_0.013103.png,1287,0.013103
tile_51911_mse_0.013095.png,51911,0.013095
tile_04785_mse_0.013074.png,4785,0.013074
tile_27694_mse_0.012924.png,27694,0.012924
tile_63122_mse_0.012806.png,63122,0.012806
tile_68045_mse_0.012365.png,68045,0.012365
tile_60398_mse_0.012256.png,60398,0.012256
tile_70021_mse_0.012195.png,70021,0.012195
tile_11219_mse_0.012007.png,11219,0.012007
tile_68210_mse_0.011807.png,68210,0.011807
tile_54457_mse_0.011804.png,54457,0.011804
tile_51018_mse_0.011560.png,51018,0.01156
tile_18180_mse_0.011450.png,18180,0.01145
tile_46643_mse_0.011409.png,46643,0.011409
tile_52994_mse_0.011184.png,52994,0.011184
tile_46642_mse_0.011144.png,46642,0.011144
tile_40529_mse_0.011013.png,40529,0.011013
tile_20877_mse_0.010798.png,20877,0.010798
tile_28664_mse_0.010488.png,28664,0.010488
tile_20519_mse_0.010465.png,20519,0.010465
tile_65992_mse_0.010370.png,65992,0.01037
tile_26876_mse_0.010284.png,26876,0.010284
tile_65977_mse_0.010246.png,65977,0.010246
tile_31476_mse_0.010097.png,31476,0.010097
tile_26251_mse_0.010045.png,26251,0.010045
tile_40153_mse_0.009987.png,40153,0.009987
tile_51019_mse_0.009976.png,51019,0.009976
tile_05515_mse_0.009758.png,5515,0.009758
tile_00381_mse_0.009754.png,381,0.009754
tile_26502_mse_0.009732.png,26502,0.009732
tile_51033_mse_0.009635.png,51033,0.009635
tile_52969_mse_0.009539.png,52969,0.009539
tile_44825_mse_0.009522.png,44825,0.009522
tile_21395_mse_0.009493.png,21395,0.009493
tile_39971_mse_0.009470.png,39971,0.00947
tile_35360_mse_0.009358.png,35360,0.009358
tile_24146_mse_0.009280.png,24146,0.00928
tile_46659_mse_0.009244.png,46659,0.009244
tile_37201_mse_0.009099.png,37201,0.009099
tile_52984_mse_0.009085.png,52984,0.009085
tile_00848_mse_0.009081.png,848,0.009081
tile_33309_mse_0.008973.png,33309,0.008973
tile_46656_mse_0.008953.png,46656,0.008953
tile_68050_mse_0.008828.png,68050,0.008828
tile_54442_mse_0.008819.png,54442,0.008819
tile_33356_mse_0.008627.png,33356,0.008627
tile_00607_mse_0.008490.png,607,0.00849
tile_57531_mse_0.008380.png,57531,0.00838
tile_15503_mse_0.008373.png,15503,0.008373
tile_21036_mse_0.008341.png,21036,0.008341
tile_46687_mse_0.008280.png,46687,0.00828
tile_24623_mse_0.008255.png,24623,0.008255
tile_65979_mse_0.008216.png,65979,0.008216
tile_51034_mse_0.008188.png,51034,0.008188
tile_46671_mse_0.008174.png,46671,0.008174
tile_45400_mse_0.008162.png,45400,0.008162
tile_28679_mse_0.008138.png,28679,0.008138
tile_27251_mse_0.008094.png,27251,0.008094
tile_46688_mse_0.008058.png,46688,0.008058
tile_33720_mse_0.008054.png,33720,0.008054
tile_56166_mse_0.008023.png,56166,0.008023
tile_28182_mse_0.008001.png,28182,0.008001
tile_02154_mse_0.007957.png,2154,0.007957
tile_34371_mse_0.007889.png,34371,0.007889
tile_46674_mse_0.007853.png,46674,0.007853
tile_68258_mse_0.007792.png,68258,0.007792
tile_42924_mse_0.007713.png,42924,0.007713
tile_26284_mse_0.007599.png,26284,0.007599
tile_47670_mse_0.007434.png,47670,0.007434
tile_31475_mse_0.007426.png,31475,0.007426
tile_46720_mse_0.007418.png,46720,0.007418
tile_24117_mse_0.007347.png,24117,0.007347
tile_29872_mse_0.007335.png,29872,0.007335
tile_55712_mse_0.007307.png,55712,0.007307
tile_20016_mse_0.007302.png,20016,0.007302
tile_57229_mse_0.007275.png,57229,0.007275
tile_02781_mse_0.007273.png,2781,0.007273
tile_46644_mse_0.007261.png,46644,0.007261
tile_43119_mse_0.007242.png,43119,0.007242
tile_47920_mse_0.007239.png,47920,0.007239
tile_10320_mse_0.007221.png,10320,0.007221
tile_27710_mse_0.007212.png,27710,0.007212
tile_27709_mse_0.007187.png,27709,0.007187
tile_28807_mse_0.007180.png,28807,0.00718
tile_26285_mse_0.007154.png,26285,0.007154
tile_37151_mse_0.007137.png,37151,0.007137
tile_28401_mse_0.007124.png,28401,0.007124
tile_37137_mse_0.007110.png,37137,0.00711
tile_62871_mse_0.007096.png,62871,0.007096
tile_33371_mse_0.007060.png,33371,0.00706
tile_01731_mse_0.007042.png,1731,0.007042
tile_65994_mse_0.007036.png,65994,0.007036
tile_48637_mse_0.007032.png,48637,0.007032
tile_22200_mse_0.007018.png,22200,0.007018
tile_58584_mse_0.006991.png,58584,0.006991
tile_09605_mse_0.006982.png,9605,0.006982
tile_03405_mse_0.006978.png,3405,0.006978
tile_26298_mse_0.006912.png,26298,0.006912
tile_55345_mse_0.006901.png,55345,0.006901
tile_39217_mse_0.006882.png,39217,0.006882
tile_46641_mse_0.006801.png,46641,0.006801
tile_25052_mse_0.006728.png,25052,0.006728
tile_61918_mse_0.006721.png,61918,0.006721
tile_42114_mse_0.006686.png,42114,0.006686
tile_48657_mse_0.006613.png,48657,0.006613
tile_29310_mse_0.006583.png,29310,0.006583
tile_02766_mse_0.006523.png,2766,0.006523
tile_63602_mse_0.006516.png,63602,0.006516
tile_26313_mse_0.006514.png,26313,0.006514
tile_37150_mse_0.006504.png,37150,0.006504
tile_37479_mse_0.006481.png,37479,0.006481
tile_43963_mse_0.006464.png,43963,0.006464
tile_32594_mse_0.006440.png,32594,0.00644
tile_66779_mse_0.006433.png,66779,0.006433
tile_13238_mse_0.006403.png,13238,0.006403
tile_41924_mse_0.006401.png,41924,0.006401
tile_09276_mse_0.006395.png,9276,0.006395
tile_40152_mse_0.006390.png,40152,0.00639
tile_03102_mse_0.006357.png,3102,0.006357
tile_64867_mse_0.006349.png,64867,0.006349
tile_06192_mse_0.006331.png,6192,0.006331
tile_09604_mse_0.006237.png,9604,0.006237
tile_38243_mse_0.006228.png,38243,0.006228
tile_53469_mse_0.006208.png,53469,0.006208
tile_01076_mse_0.006203.png,1076,0.006203
tile_57302_mse_0.006173.png,57302,0.006173
tile_23072_mse_0.006151.png,23072,0.006151
tile_42948_mse_0.006141.png,42948,0.006141
tile_43604_mse_0.006077.png,43604,0.006077
tile_43747_mse_0.006024.png,43747,0.006024
tile_47054_mse_0.005995.png,47054,0.005995
tile_52754_mse_0.005994.png,52754,0.005994
tile_17615_mse_0.005985.png,17615,0.005985
tile_57418_mse_0.005938.png,57418,0.005938
tile_42091_mse_0.005934.png,42091,0.005934
tile_24907_mse_0.005904.png,24907,0.005904
tile_15992_mse_0.005891.png,15992,0.005891
tile_52301_mse_0.005866.png,52301,0.005866
tile_05397_mse_0.005853.png,5397,0.005853
tile_25030_mse_0.005826.png,25030,0.005826
tile_65963_mse_0.005789.png,65963,0.005789
tile_57213_mse_0.005763.png,57213,0.005763
tile_51126_mse_0.005754.png,51126,0.005754
tile_55792_mse_0.005734.png,55792,0.005734
tile_00247_mse_0.005706.png,247,0.005706
tile_24132_mse_0.005703.png,24132,0.005703
tile_11234_mse_0.005678.png,11234,0.005678
tile_01530_mse_0.005670.png,1530,0.00567
tile_26329_mse_0.005664.png,26329,0.005664
tile_35686_mse_0.005654.png,35686,0.005654
tile_56559_mse_0.005614.png,56559,0.005614
tile_46627_mse_0.005613.png,46627,0.005613
tile_46628_mse_0.005594.png,46628,0.005594
tile_15422_mse_0.005589.png,15422,0.005589
tile_46686_mse_0.005579.png,46686,0.005579
tile_04250_mse_0.005571.png,4250,0.005571
tile_40726_mse_0.005568.png,40726,0.005568
tile_12993_mse_0.005568.png,12993,0.005568
tile_13009_mse_0.005567.png,13009,0.005567
tile_40406_mse_0.005529.png,40406,0.005529
tile_26234_mse_0.005529.png,26234,0.005529
tile_48293_mse_0.005521.png,48293,0.005521
tile_22035_mse_0.005517.png,22035,0.005517
tile_00932_mse_0.005504.png,932,0.005504
tile_09239_mse_0.005503.png,9239,0.005503
tile_13954_mse_0.005502.png,13954,0.005502
tile_13454_mse_0.005480.png,13454,0.00548
tile_38873_mse_0.005460.png,38873,0.00546
tile_57393_mse_0.005436.png,57393,0.005436
tile_60744_mse_0.005425.png,60744,0.005425
tile_00149_mse_0.005424.png,149,0.005424
tile_10192_mse_0.005415.png,10192,0.005415
tile_43854_mse_0.005412.png,43854,0.005412
tile_53009_mse_0.005406.png,53009,0.005406
tile_62744_mse_0.005404.png,62744,0.005404
tile_51313_mse_0.005368.png,51313,0.005368
tile_38628_mse_0.005316.png,38628,0.005316
tile_42029_mse_0.005312.png,42029,0.005312
tile_43157_mse_0.005305.png,43157,0.005305
tile_28386_mse_0.005289.png,28386,0.005289
tile_00382_mse_0.005277.png,382,0.005277
tile_46689_mse_0.005272.png,46689,0.005272
tile_30285_mse_0.005252.png,30285,0.005252
tile_15895_mse_0.005222.png,15895,0.005222
tile_05535_mse_0.005201.png,5535,0.005201
tile_36186_mse_0.005197.png,36186,0.005197
tile_40596_mse_0.005181.png,40596,0.005181
tile_32545_mse_0.005147.png,32545,0.005147
tile_41612_mse_0.005116.png,41612,0.005116
tile_49913_mse_0.005086.png,49913,0.005086
tile_13861_mse_0.005084.png,13861,0.005084
tile_64357_mse_0.005075.png,64357,0.005075
tile_58413_mse_0.005065.png,58413,0.005065
tile_06936_mse_0.005057.png,6936,0.005057
tile_26283_mse_0.005057.png,26283,0.005057
tile_35534_mse_0.005036.png,35534,0.005036
tile_15199_mse_0.005015.png,15199,0.005015
tile_11503_mse_0.004988.png,11503,0.004988
tile_41011_mse_0.004973.png,41011,0.004973
tile_41501_mse_0.004956.png,41501,0.004956
tile_39976_mse_0.004951.png,39976,0.004951
tile_68488_mse_0.004936.png,68488,0.004936
tile_25792_mse_0.004933.png,25792,0.004933
tile_51658_mse_0.004917.png,51658,0.004917
tile_26269_mse_0.004904.png,26269,0.004904
tile_53780_mse_0.004903.png,53780,0.004903
tile_34311_mse_0.004895.png,34311,0.004895
tile_63842_mse_0.004890.png,63842,0.00489
tile_26301_mse_0.004889.png,26301,0.004889
tile_43833_mse_0.004877.png,43833,0.004877
tile_65167_mse_0.004859.png,65167,0.004859
tile_33740_mse_0.004844.png,33740,0.004844
tile_09103_mse_0.004836.png,9103,0.004836
tile_26503_mse_0.004834.png,26503,0.004834
tile_32750_mse_0.004822.png,32750,0.004822
tile_37951_mse_0.004815.png,37951,0.004815
tile_63856_mse_0.004813.png,63856,0.004813
tile_49481_mse_0.004790.png,49481,0.00479
tile_62885_mse_0.004788.png,62885,0.004788
tile_58398_mse_0.004772.png,58398,0.004772
tile_62161_mse_0.004765.png,62161,0.004765
tile_35080_mse_0.004740.png,35080,0.00474
tile_62911_mse_0.004740.png,62911,0.00474
tile_56962_mse_0.004732.png,56962,0.004732
tile_09624_mse_0.004723.png,9624,0.004723
tile_28822_mse_0.004720.png,28822,0.00472
tile_42387_mse_0.004713.png,42387,0.004713
tile_37152_mse_0.004709.png,37152,0.004709
tile_26336_mse_0.004705.png,26336,0.004705
tile_07263_mse_0.004700.png,7263,0.0047
tile_70005_mse_0.004692.png,70005,0.004692
tile_15504_mse_0.004689.png,15504,0.004689
tile_51125_mse_0.004688.png,51125,0.004688
tile_37134_mse_0.004683.png,37134,0.004683
tile_38173_mse_0.004674.png,38173,0.004674
tile_52983_mse_0.004673.png,52983,0.004673
tile_43506_mse_0.004659.png,43506,0.004659
tile_26518_mse_0.004656.png,26518,0.004656
tile_55728_mse_0.004635.png,55728,0.004635
tile_24106_mse_0.004635.png,24106,0.004635
tile_70006_mse_0.004615.png,70006,0.004615
tile_50862_mse_0.004607.png,50862,0.004607
tile_09385_mse_0.004587.png,9385,0.004587
tile_66555_mse_0.004539.png,66555,0.004539
tile_24721_mse_0.004523.png,24721,0.004523
tile_59041_mse_0.004507.png,59041,0.004507
tile_34372_mse_0.004503.png,34372,0.004503
tile_58600_mse_0.004492.png,58600,0.004492
tile_10306_mse_0.004487.png,10306,0.004487
tile_20625_mse_0.004485.png,20625,0.004485
tile_21807_mse_0.004448.png,21807,0.004448
tile_45264_mse_0.004429.png,45264,0.004429
tile_02162_mse_0.004424.png,2162,0.004424
tile_07694_mse_0.004410.png,7694,0.00441
tile_10294_mse_0.004398.png,10294,0.004398
tile_31583_mse_0.004391.png,31583,0.004391
tile_33355_mse_0.004390.png,33355,0.00439
tile_09082_mse_0.004383.png,9082,0.004383
tile_67894_mse_0.004379.png,67894,0.004379
tile_29953_mse_0.004367.png,29953,0.004367
tile_26330_mse_0.004365.png,26330,0.004365
tile_29409_mse_0.004355.png,29409,0.004355
tile_63894_mse_0.004334.png,63894,0.004334
tile_00192_mse_0.004322.png,192,0.004322
tile_12643_mse_0.004308.png,12643,0.004308
tile_41502_mse_0.004286.png,41502,0.004286
tile_12370_mse_0.004285.png,12370,0.004285
tile_68246_mse_0.004271.png,68246,0.004271
tile_69381_mse_0.004269.png,69381,0.004269
tile_10462_mse_0.004265.png,10462,0.004265
tile_04755_mse_0.004259.png,4755,0.004259
tile_08807_mse_0.004259.png,8807,0.004259
tile_40464_mse_0.004259.png,40464,0.004259
tile_08672_mse_0.004254.png,8672,0.004254
tile_69822_mse_0.004249.png,69822,0.004249
tile_13098_mse_0.004238.png,13098,0.004238
tile_69425_mse_0.004226.png,69425,0.004226
tile_48551_mse_0.004223.png,48551,0.004223
tile_00302_mse_0.004219.png,302,0.004219
tile_36483_mse_0.004215.png,36483,0.004215
tile_57105_mse_0.004214.png,57105,0.004214
tile_46334_mse_0.004195.png,46334,0.004195
tile_41697_mse_0.004195.png,41697,0.004195
tile_26335_mse_0.004193.png,26335,0.004193
tile_54674_mse_0.004182.png,54674,0.004182
tile_48522_mse_0.004177.png,48522,0.004177
tile_52933_mse_0.004173.png,52933,0.004173
tile_25166_mse_0.004171.png,25166,0.004171
tile_11887_mse_0.004166.png,11887,0.004166
tile_46263_mse_0.004147.png,46263,0.004147
tile_58883_mse_0.004145.png,58883,0.004145
tile_09167_mse_0.004142.png,9167,0.004142
tile_46111_mse_0.004128.png,46111,0.004128
tile_61207_mse_0.004118.png,61207,0.004118
tile_23488_mse_0.004108.png,23488,0.004108
tile_42535_mse_0.004096.png,42535,0.004096
tile_26524_mse_0.004091.png,26524,0.004091
tile_56068_mse_0.004090.png,56068,0.00409
tile_30482_mse_0.004083.png,30482,0.004083
tile_21035_mse_0.004073.png,21035,0.004073
tile_03528_mse_0.004071.png,3528,0.004071
tile_53866_mse_0.004070.png,53866,0.00407
tile_16073_mse_0.004063.png,16073,0.004063
tile_65964_mse_0.004055.png,65964,0.004055
tile_09301_mse_0.004052.png,9301,0.004052
tile_44830_mse_0.004042.png,44830,0.004042
tile_07514_mse_0.004039.png,7514,0.004039
tile_62611_mse_0.004029.png,62611,0.004029
tile_00746_mse_0.004025.png,746,0.004025
tile_52968_mse_0.004021.png,52968,0.004021
tile_27558_mse_0.004017.png,27558,0.004017
tile_10897_mse_0.004016.png,10897,0.004016
tile_05872_mse_0.004008.png,5872,0.004008
tile_46096_mse_0.004005.png,46096,0.004005
tile_57378_mse_0.003991.png,57378,0.003991
tile_38776_mse_0.003986.png,38776,0.003986
tile_32410_mse_0.003985.png,32410,0.003985
tile_27057_mse_0.003984.png,27057,0.003984
tile_66629_mse_0.003974.png,66629,0.003974
tile_37044_mse_0.003970.png,37044,0.00397
tile_58822_mse_0.003968.png,58822,0.003968
tile_26517_mse_0.003956.png,26517,0.003956
tile_44379_mse_0.003953.png,44379,0.003953
tile_48431_mse_0.003951.png,48431,0.003951
tile_34677_mse_0.003933.png,34677,0.003933
tile_46655_mse_0.003932.png,46655,0.003932
tile_02738_mse_0.003930.png,2738,0.00393
tile_58991_mse_0.003928.png,58991,0.003928
tile_37166_mse_0.003919.png,37166,0.003919
tile_49455_mse_0.003915.png,49455,0.003915
tile_37027_mse_0.003907.png,37027,0.003907
tile_38821_mse_0.003901.png,38821,0.003901
tile_27728_mse_0.003897.png,27728,0.003897
tile_55181_mse_0.003897.png,55181,0.003897
tile_10955_mse_0.003894.png,10955,0.003894
tile_06805_mse_0.003889.png,6805,0.003889
tile_47560_mse_0.003886.png,47560,0.003886
tile_52649_mse_0.003881.png,52649,0.003881
tile_23266_mse_0.003880.png,23266,0.00388
tile_06820_mse_0.003878.png,6820,0.003878
tile_60579_mse_0.003862.png,60579,0.003862
tile_29929_mse_0.003860.png,29929,0.00386
tile_37516_mse_0.003850.png,37516,0.00385
tile_13592_mse_0.003849.png,13592,0.003849
tile_02139_mse_0.003847.png,2139,0.003847
tile_06523_mse_0.003841.png,6523,0.003841
tile_39389_mse_0.003840.png,39389,0.00384
tile_10290_mse_0.003831.png,10290,0.003831
tile_64117_mse_0.003822.png,64117,0.003822
tile_46640_mse_0.003816.png,46640,0.003816
tile_37149_mse_0.003815.png,37149,0.003815
tile_62375_mse_0.003815.png,62375,0.003815
tile_64875_mse_0.003806.png,64875,0.003806
tile_52237_mse_0.003803.png,52237,0.003803
tile_46660_mse_0.003790.png,46660,0.00379
tile_12638_mse_0.003788.png,12638,0.003788
tile_65962_mse_0.003771.png,65962,0.003771
tile_08406_mse_0.003765.png,8406,0.003765
tile_60311_mse_0.003764.png,60311,0.003764
tile_00877_mse_0.003763.png,877,0.003763
tile_46054_mse_0.003760.png,46054,0.00376
tile_02180_mse_0.003757.png,2180,0.003757
tile_57014_mse_0.003754.png,57014,0.003754
tile_22960_mse_0.003740.png,22960,0.00374
tile_63492_mse_0.003737.png,63492,0.003737
tile_04364_mse_0.003720.png,4364,0.00372
tile_13415_mse_0.003713.png,13415,0.003713
tile_12837_mse_0.003712.png,12837,0.003712
tile_16459_mse_0.003711.png,16459,0.003711
tile_38991_mse_0.003706.png,38991,0.003706
tile_46670_mse_0.003687.png,46670,0.003687
tile_03913_mse_0.003676.png,3913,0.003676
tile_15484_mse_0.003660.png,15484,0.00366
tile_02477_mse_0.003654.png,2477,0.003654
tile_69394_mse_0.003650.png,69394,0.00365
tile_26889_mse_0.003648.png,26889,0.003648
tile_64102_mse_0.003648.png,64102,0.003648
tile_10262_mse_0.003646.png,10262,0.003646
tile_58531_mse_0.003633.png,58531,0.003633
tile_33499_mse_0.003630.png,33499,0.00363
tile_05251_mse_0.003618.png,5251,0.003618
tile_61692_mse_0.003617.png,61692,0.003617
tile_66702_mse_0.003615.png,66702,0.003615
tile_41026_mse_0.003615.png,41026,0.003615
tile_15682_mse_0.003612.png,15682,0.003612
tile_25144_mse_0.003608.png,25144,0.003608
tile_09292_mse_0.003598.png,9292,0.003598
tile_18716_mse_0.003596.png,18716,0.003596
tile_65363_mse_0.003577.png,65363,0.003577
tile_58418_mse_0.003566.png,58418,0.003566
tile_55727_mse_0.003565.png,55727,0.003565
tile_48209_mse_0.003563.png,48209,0.003563
tile_58409_mse_0.003552.png,58409,0.003552
tile_57026_mse_0.003551.png,57026,0.003551
tile_09021_mse_0.003548.png,9021,0.003548
tile_64882_mse_0.003531.png,64882,0.003531
tile_47906_mse_0.003522.png,47906,0.003522
tile_57013_mse_0.003517.png,57013,0.003517
tile_27050_mse_0.003512.png,27050,0.003512
tile_47921_mse_0.003506.png,47921,0.003506
tile_58369_mse_0.003499.png,58369,0.003499
tile_14851_mse_0.003498.png,14851,0.003498
tile_10460_mse_0.003494.png,10460,0.003494
tile_27743_mse_0.003489.png,27743,0.003489
tile_29825_mse_0.003488.png,29825,0.003488
tile_03201_mse_0.003485.png,3201,0.003485
tile_26316_mse_0.003484.png,26316,0.003484
tile_37025_mse_0.003483.png,37025,0.003483
tile_64147_mse_0.003483.png,64147,0.003483
tile_26328_mse_0.003482.png,26328,0.003482
tile_51926_mse_0.003480.png,51926,0.00348
tile_08235_mse_0.003479.png,8235,0.003479
tile_46051_mse_0.003472.png,46051,0.003472
tile_25821_mse_0.003471.png,25821,0.003471
tile_29631_mse_0.003464.png,29631,0.003464
tile_57123_mse_0.003458.png,57123,0.003458
tile_21556_mse_0.003452.png,21556,0.003452
tile_20676_mse_0.003449.png,20676,0.003449
tile_53395_mse_0.003448.png,53395,0.003448
tile_56739_mse_0.003442.png,56739,0.003442
tile_38182_mse_0.003438.png,38182,0.003438
tile_02430_mse_0.003432.png,2430,0.003432
tile_37165_mse_0.003431.png,37165,0.003431
tile_50371_mse_0.003420.png,50371,0.00342
tile_63188_mse_0.003419.png,63188,0.003419
tile_26487_mse_0.003418.png,26487,0.003418
tile_09768_mse_0.003414.png,9768,0.003414
tile_43385_mse_0.003407.png,43385,0.003407
tile_00810_mse_0.003407.png,810,0.003407
tile_24557_mse_0.003405.png,24557,0.003405
tile_33772_mse_0.003404.png,33772,0.003404
tile_24724_mse_0.003404.png,24724,0.003404
tile_03224_mse_0.003403.png,3224,0.003403
tile_55641_mse_0.003402.png,55641,0.003402
tile_09277_mse_0.003402.png,9277,0.003402
tile_15750_mse_0.003387.png,15750,0.003387
tile_47367_mse_0.003386.png,47367,0.003386
tile_32964_mse_0.003384.png,32964,0.003384
tile_54491_mse_0.003378.png,54491,0.003378
tile_58446_mse_0.003376.png,58446,0.003376
tile_27237_mse_0.003376.png,27237,0.003376
tile_34339_mse_0.003374.png,34339,0.003374
tile_67579_mse_0.003373.png,67579,0.003373
tile_30011_mse_0.003370.png,30011,0.00337
tile_45201_mse_0.003362.png,45201,0.003362
tile_13978_mse_0.003347.png,13978,0.003347
tile_46629_mse_0.003347.png,46629,0.003347
tile_27752_mse_0.003344.png,27752,0.003344
tile_57394_mse_0.003341.png,57394,0.003341
tile_31150_mse_0.003335.png,31150,0.003335
tile_34335_mse_0.003332.png,34335,0.003332
tile_27578_mse_0.003332.png,27578,0.003332
tile_43013_mse_0.003319.png,43013,0.003319
tile_37418_mse_0.003319.png,37418,0.003319
tile_26892_mse_0.003315.png,26892,0.003315
tile_11790_mse_0.003309.png,11790,0.003309
tile_42429_mse_0.003307.png,42429,0.003307
tile_11218_mse_0.003305.png,11218,0.003305
tile_46112_mse_0.003302.png,46112,0.003302
tile_26344_mse_0.003290.png,26344,0.00329
tile_26286_mse_0.003285.png,26286,0.003285
tile_10169_mse_0.003279.png,10169,0.003279
tile_34750_mse_0.003275.png,34750,0.003275
tile_09067_mse_0.003265.png,9067,0.003265
tile_07999_mse_0.003262.png,7999,0.003262
tile_56678_mse_0.003260.png,56678,0.00326
tile_37190_mse_0.003257.png,37190,0.003257
tile_00528_mse_0.003256.png,528,0.003256
tile_69461_mse_0.003256.png,69461,0.003256
tile_11285_mse_0.003255.png,11285,0.003255
tile_30475_mse_0.003254.png,30475,0.003254
tile_41923_mse_0.003249.png,41923,0.003249
tile_62743_mse_0.003246.png,62743,0.003246
tile_12385_mse_0.003234.png,12385,0.003234
tile_62068_mse_0.003233.png,62068,0.003233
tile_01450_mse_0.003231.png,1450,0.003231
tile_35474_mse_0.003221.png,35474,0.003221
tile_41631_mse_0.003220.png,41631,0.00322
tile_54391_mse_0.003217.png,54391,0.003217
tile_10321_mse_0.003214.png,10321,0.003214
tile_33370_mse_0.003214.png,33370,0.003214
tile_06093_mse_0.003214.png,6093,0.003214
tile_27082_mse_0.003208.png,27082,0.003208
tile_11512_mse_0.003206.png,11512,0.003206
tile_03420_mse_0.003206.png,3420,0.003206
tile_02898_mse_0.003204.png,2898,0.003204
tile_53270_mse_0.003202.png,53270,0.003202
tile_45309_mse_0.003198.png,45309,0.003198
tile_03381_mse_0.003194.png,3381,0.003194
tile_27693_mse_0.003184.png,27693,0.003184
tile_33074_mse_0.003183.png,33074,0.003183
tile_64868_mse_0.003181.png,64868,0.003181
tile_35571_mse_0.003179.png,35571,0.003179
tile_27202_mse_0.003179.png,27202,0.003179
tile_57029_mse_0.003178.png,57029,0.003178
tile_09104_mse_0.003177.png,9104,0.003177
tile_25213_mse_0.003175.png,25213,0.003175
tile_14546_mse_0.003175.png,14546,0.003175
tile_57530_mse_0.003171.png,57530,0.003171
tile_48204_mse_0.003163.png,48204,0.003163
tile_01770_mse_0.003163.png,1770,0.003163
tile_51042_mse_0.003158.png,51042,0.003158
tile_10080_mse_0.003157.png,10080,0.003157
tile_31862_mse_0.003156.png,31862,0.003156
tile_67203_mse_0.003149.png,67203,0.003149
tile_34776_mse_0.003147.png,34776,0.003147
tile_07248_mse_0.003146.png,7248,0.003146
tile_64119_mse_0.003142.png,64119,0.003142
tile_07485_mse_0.003141.png,7485,0.003141
tile_12697_mse_0.003138.png,12697,0.003138
tile_45947_mse_0.003137.png,45947,0.003137
tile_08662_mse_0.003133.png,8662,0.003133
tile_14260_mse_0.003130.png,14260,0.00313
tile_56060_mse_0.003126.png,56060,0.003126
tile_02782_mse_0.003125.png,2782,0.003125
tile_39676_mse_0.003123.png,39676,0.003123
tile_57028_mse_0.003118.png,57028,0.003118
tile_48194_mse_0.003116.png,48194,0.003116
tile_28384_mse_0.003116.png,28384,0.003116
tile_37950_mse_0.003111.png,37950,0.003111
tile_10291_mse_0.003111.png,10291,0.003111
tile_26270_mse_0.003111.png,26270,0.003111
tile_17350_mse_0.003109.png,17350,0.003109
tile_39319_mse_0.003109.png,39319,0.003109
tile_24824_mse_0.003106.png,24824,0.003106
tile_09077_mse_0.003104.png,9077,0.003104
tile_12087_mse_0.003091.png,12087,0.003091
tile_46612_mse_0.003091.png,46612,0.003091
tile_46626_mse_0.003089.png,46626,0.003089
tile_16580_mse_0.003088.png,16580,0.003088
tile_43912_mse_0.003088.png,43912,0.003088
tile_43695_mse_0.003088.png,43695,0.003088
tile_51429_mse_0.003084.png,51429,0.003084
tile_27811_mse_0.003079.png,27811,0.003079
tile_14556_mse_0.003076.png,14556,0.003076
tile_11657_mse_0.003072.png,11657,0.003072
tile_46630_mse_0.003071.png,46630,0.003071
tile_04876_mse_0.003056.png,4876,0.003056
tile_69965_mse_0.003055.png,69965,0.003055
tile_47464_mse_0.003050.png,47464,0.00305
tile_31675_mse_0.003049.png,31675,0.003049
tile_44172_mse_0.003045.png,44172,0.003045
tile_40760_mse_0.003045.png,40760,0.003045
tile_36487_mse_0.003044.png,36487,0.003044
tile_00955_mse_0.003039.png,955,0.003039
tile_14819_mse_0.003037.png,14819,0.003037
tile_15570_mse_0.003035.png,15570,0.003035
tile_32428_mse_0.003032.png,32428,0.003032
tile_46675_mse_0.003032.png,46675,0.003032
tile_47382_mse_0.003029.png,47382,0.003029
tile_62943_mse_0.003026.png,62943,0.003026
tile_07937_mse_0.003026.png,7937,0.003026
tile_01238_mse_0.003026.png,1238,0.003026
tile_57857_mse_0.003024.png,57857,0.003024
tile_06015_mse_0.003019.png,6015,0.003019
tile_66132_mse_0.003019.png,66132,0.003019
tile_42226_mse_0.003016.png,42226,0.003016
tile_25807_mse_0.003014.png,25807,0.003014
tile_06085_mse_0.003012.png,6085,0.003012
tile_51473_mse_0.003012.png,51473,0.003012
tile_62381_mse_0.003011.png,62381,0.003011
tile_51499_mse_0.003009.png,51499,0.003009
tile_69800_mse_0.003003.png,69800,0.003003
tile_49405_mse_0.002999.png,49405,0.002999
tile_34990_mse_0.002996.png,34990,0.002996
tile_38912_mse_0.002989.png,38912,0.002989
tile_49825_mse_0.002988.png,49825,0.002988
tile_65948_mse_0.002986.png,65948,0.002986
tile_10260_mse_0.002986.png,10260,0.002986
tile_25138_mse_0.002982.png,25138,0.002982
tile_33984_mse_0.002980.png,33984,0.00298
tile_49327_mse_0.002976.png,49327,0.002976
tile_61803_mse_0.002975.png,61803,0.002975
tile_46631_mse_0.002974.png,46631,0.002974
tile_00484_mse_0.002969.png,484,0.002969
tile_01501_mse_0.002968.png,1501,0.002968
tile_10966_mse_0.002968.png,10966,0.002968
tile_10771_mse_0.002965.png,10771,0.002965
tile_19911_mse_0.002963.png,19911,0.002963
tile_55969_mse_0.002963.png,55969,0.002963
tile_27187_mse_0.002963.png,27187,0.002963
tile_46600_mse_0.002960.png,46600,0.00296
tile_67173_mse_0.002958.png,67173,0.002958
tile_48958_mse_0.002951.png,48958,0.002951
tile_11976_mse_0.002948.png,11976,0.002948
tile_02545_mse_0.002947.png,2545,0.002947
tile_57286_mse_0.002947.png,57286,0.002947
tile_13516_mse_0.002931.png,13516,0.002931
tile_15249_mse_0.002931.png,15249,0.002931
tile_39689_mse_0.002923.png,39689,0.002923
tile_13846_mse_0.002921.png,13846,0.002921
tile_49981_mse_0.002921.png,49981,0.002921
tile_68696_mse_0.002921.png,68696,0.002921
tile_37685_mse_0.002916.png,37685,0.002916
tile_05490_mse_0.002915.png,5490,0.002915
tile_66851_mse_0.002915.png,66851,0.002915
tile_01923_mse_0.002914.png,1923,0.002914
tile_11872_mse_0.002911.png,11872,0.002911
tile_16276_mse_0.002905.png,16276,0.002905
tile_56796_mse_0.002904.png,56796,0.002904
tile_25053_mse_0.002895.png,25053,0.002895
tile_08280_mse_0.002893.png,8280,0.002893
tile_66943_mse_0.002890.png,66943,0.00289
tile_62123_mse_0.002890.png,62123,0.00289
tile_45408_mse_0.002886.png,45408,0.002886
tile_55178_mse_0.002886.png,55178,0.002886
tile_24404_mse_0.002885.png,24404,0.002885
tile_10996_mse_0.002885.png,10996,0.002885
tile_38170_mse_0.002874.png,38170,0.002874
tile_57316_mse_0.002868.png,57316,0.002868
tile_13243_mse_0.002867.png,13243,0.002867
tile_54839_mse_0.002866.png,54839,0.002866
tile_23645_mse_0.002864.png,23645,0.002864
tile_36857_mse_0.002863.png,36857,0.002863
tile_46106_mse_0.002862.png,46106,0.002862
tile_32501_mse_0.002862.png,32501,0.002862
tile_10615_mse_0.002862.png,10615,0.002862
tile_39810_mse_0.002861.png,39810,0.002861
tile_37698_mse_0.002857.png,37698,0.002857
tile_49084_mse_0.002857.png,49084,0.002857
tile_56964_mse_0.002857.png,56964,0.002857
tile_46613_mse_0.002856.png,46613,0.002856
tile_45349_mse_0.002856.png,45349,0.002856
tile_46551_mse_0.002854.png,46551,0.002854
tile_67751_mse_0.002852.png,67751,0.002852
tile_12438_mse_0.002845.png,12438,0.002845
tile_23402_mse_0.002844.png,23402,0.002844
tile_34243_mse_0.002842.png,34243,0.002842
tile_30139_mse_0.002835.png,30139,0.002835
tile_51060_mse_0.002834.png,51060,0.002834
tile_15923_mse_0.002833.png,15923,0.002833
tile_40904_mse_0.002833.png,40904,0.002833
tile_12694_mse_0.002833.png,12694,0.002833
tile_60401_mse_0.002830.png,60401,0.00283
tile_22089_mse_0.002822.png,22089,0.002822
tile_24624_mse_0.002814.png,24624,0.002814
tile_58187_mse_0.002812.png,58187,0.002812
tile_46802_mse_0.002810.png,46802,0.00281
tile_12913_mse_0.002810.png,12913,0.00281
tile_62723_mse_0.002809.png,62723,0.002809
tile_18362_mse_0.002808.png,18362,0.002808
tile_40172_mse_0.002807.png,40172,0.002807
tile_28393_mse_0.002806.png,28393,0.002806
tile_27489_mse_0.002806.png,27489,0.002806
tile_56208_mse_0.002803.png,56208,0.002803
tile_51041_mse_0.002801.png,51041,0.002801
tile_26539_mse_0.002801.png,26539,0.002801
tile_45756_mse_0.002799.png,45756,0.002799
tile_56283_mse_0.002795.png,56283,0.002795
tile_02072_mse_0.002794.png,2072,0.002794
tile_10898_mse_0.002794.png,10898,0.002794
tile_26219_mse_0.002791.png,26219,0.002791
tile_58009_mse_0.002791.png,58009,0.002791
tile_27548_mse_0.002789.png,27548,0.002789
tile_46785_mse_0.002777.png,46785,0.002777
tile_04092_mse_0.002772.png,4092,0.002772
tile_57160_mse_0.002772.png,57160,0.002772
tile_53281_mse_0.002767.png,53281,0.002767
tile_04491_mse_0.002764.png,4491,0.002764
tile_02804_mse_0.002764.png,2804,0.002764
tile_02593_mse_0.002762.png,2593,0.002762
tile_33098_mse_0.002762.png,33098,0.002762
tile_13924_mse_0.002760.png,13924,0.00276
tile_00441_mse_0.002759.png,441,0.002759
tile_21021_mse_0.002757.png,21021,0.002757
tile_29006_mse_0.002757.png,29006,0.002757
tile_51286_mse_0.002752.png,51286,0.002752
tile_00383_mse_0.002752.png,383,0.002752
tile_49616_mse_0.002751.png,49616,0.002751
tile_65715_mse_0.002750.png,65715,0.00275
tile_08877_mse_0.002750.png,8877,0.00275
tile_45844_mse_0.002750.png,45844,0.00275
tile_00039_mse_0.002747.png,39,0.002747
tile_49006_mse_0.002746.png,49006,0.002746
tile_52928_mse_0.002745.png,52928,0.002745
tile_35212_mse_0.002745.png,35212,0.002745
tile_24360_mse_0.002744.png,24360,0.002744
tile_43267_mse_0.002744.png,43267,0.002744
tile_06016_mse_0.002740.png,6016,0.00274
tile_09079_mse_0.002739.png,9079,0.002739
tile_69030_mse_0.002735.png,69030,0.002735
tile_46645_mse_0.002735.png,46645,0.002735
tile_64221_mse_0.002734.png,64221,0.002734
tile_67802_mse_0.002728.png,67802,0.002728
tile_27236_mse_0.002726.png,27236,0.002726
tile_56998_mse_0.002726.png,56998,0.002726
tile_62960_mse_0.002725.png,62960,0.002725
tile_12452_mse_0.002725.png,12452,0.002725
tile_67283_mse_0.002723.png,67283,0.002723
tile_05803_mse_0.002719.png,5803,0.002719
tile_44718_mse_0.002718.png,44718,0.002718
tile_17610_mse_0.002715.png,17610,0.002715
tile_26331_mse_0.002715.png,26331,0.002715
tile_53957_mse_0.002714.png,53957,0.002714
tile_47038_mse_0.002711.png,47038,0.002711
tile_63715_mse_0.002708.png,63715,0.002708
tile_68404_mse_0.002707.png,68404,0.002707
tile_29887_mse_0.002705.png,29887,0.002705
tile_21020_mse_0.002704.png,21020,0.002704
tile_57287_mse_0.002701.png,57287,0.002701
tile_34087_mse_0.002700.png,34087,0.0027
tile_26891_mse_0.002699.png,26891,0.002699
tile_08825_mse_0.002697.png,8825,0.002697
tile_15142_mse_0.002694.png,15142,0.002694
tile_03869_mse_0.002690.png,3869,0.00269
tile_07563_mse_0.002690.png,7563,0.00269
tile_23558_mse_0.002689.png,23558,0.002689
tile_40513_mse_0.002689.png,40513,0.002689
tile_17329_mse_0.002688.png,17329,0.002688
tile_00811_mse_0.002680.png,811,0.00268
tile_59676_mse_0.002680.png,59676,0.00268
tile_19161_mse_0.002678.png,19161,0.002678
tile_20468_mse_0.002672.png,20468,0.002672
tile_58293_mse_0.002670.png,58293,0.00267
tile_06427_mse_0.002669.png,6427,0.002669
tile_01806_mse_0.002669.png,1806,0.002669
tile_68703_mse_0.002668.png,68703,0.002668
tile_30219_mse_0.002663.png,30219,0.002663
tile_51946_mse_0.002662.png,51946,0.002662
tile_09408_mse_0.002661.png,9408,0.002661
tile_42710_mse_0.002657.png,42710,0.002657
tile_55760_mse_0.002655.png,55760,0.002655
tile_56908_mse_0.002652.png,56908,0.002652
tile_16981_mse_0.002651.png,16981,0.002651
tile_12861_mse_0.002649.png,12861,0.002649
tile_21859_mse_0.002648.png,21859,0.002648
tile_12542_mse_0.002646.png,12542,0.002646
tile_38532_mse_0.002646.png,38532,0.002646
tile_09371_mse_0.002646.png,9371,0.002646
tile_09590_mse_0.002646.png,9590,0.002646
tile_48507_mse_0.002645.png,48507,0.002645
tile_08517_mse_0.002643.png,8517,0.002643
tile_13039_mse_0.002641.png,13039,0.002641
tile_61587_mse_0.002640.png,61587,0.00264
tile_12071_mse_0.002633.png,12071,0.002633
tile_46097_mse_0.002631.png,46097,0.002631
tile_12482_mse_0.002630.png,12482,0.00263
tile_63319_mse_0.002627.png,63319,0.002627
tile_13460_mse_0.002626.png,13460,0.002626
tile_12436_mse_0.002625.png,12436,0.002625
tile_14540_mse_0.002624.png,14540,0.002624
tile_52181_mse_0.002624.png,52181,0.002624
tile_50286_mse_0.002621.png,50286,0.002621
tile_56830_mse_0.002619.png,56830,0.002619
tile_41640_mse_0.002618.png,41640,0.002618
tile_15667_mse_0.002617.png,15667,0.002617
tile_58125_mse_0.002615.png,58125,0.002615
tile_50741_mse_0.002613.png,50741,0.002613
tile_01872_mse_0.002612.png,1872,0.002612
tile_56216_mse_0.002611.png,56216,0.002611
tile_06257_mse_0.002610.png,6257,0.00261
tile_53420_mse_0.002610.png,53420,0.00261
tile_15398_mse_0.002609.png,15398,0.002609
tile_23703_mse_0.002607.png,23703,0.002607
tile_15273_mse_0.002606.png,15273,0.002606
tile_40514_mse_0.002605.png,40514,0.002605
tile_01224_mse_0.002605.png,1224,0.002605
tile_13024_mse_0.002602.png,13024,0.002602
tile_02687_mse_0.002599.png,2687,0.002599
tile_32286_mse_0.002598.png,32286,0.002598
tile_56369_mse_0.002591.png,56369,0.002591
tile_67557_mse_0.002591.png,67557,0.002591
tile_62759_mse_0.002588.png,62759,0.002588
tile_45564_mse_0.002587.png,45564,0.002587
tile_18534_mse_0.002587.png,18534,0.002587
tile_07957_mse_0.002585.png,7957,0.002585
tile_54740_mse_0.002585.png,54740,0.002585
tile_25034_mse_0.002584.png,25034,0.002584
tile_00859_mse_0.002584.png,859,0.002584
tile_40322_mse_0.002584.png,40322,0.002584
tile_60267_mse_0.002583.png,60267,0.002583
tile_13414_mse_0.002582.png,13414,0.002582
tile_01010_mse_0.002581.png,1010,0.002581
tile_19380_mse_0.002578.png,19380,0.002578
tile_07043_mse_0.002578.png,7043,0.002578
tile_57027_mse_0.002577.png,57027,0.002577
tile_54381_mse_0.002576.png,54381,0.002576
tile_21809_mse_0.002574.png,21809,0.002574
tile_45361_mse_0.002574.png,45361,0.002574
tile_30411_mse_0.002572.png,30411,0.002572
tile_51500_mse_0.002571.png,51500,0.002571
tile_39557_mse_0.002568.png,39557,0.002568
tile_66568_mse_0.002567.png,66568,0.002567
tile_08773_mse_0.002567.png,8773,0.002567
tile_62536_mse_0.002566.png,62536,0.002566
tile_17987_mse_0.002566.png,17987,0.002566
tile_56999_mse_0.002565.png,56999,0.002565
tile_27020_mse_0.002565.png,27020,0.002565
tile_11233_mse_0.002564.png,11233,0.002564
tile_02736_mse_0.002561.png,2736,0.002561
tile_49688_mse_0.002559.png,49688,0.002559
tile_53458_mse_0.002558.png,53458,0.002558
tile_14320_mse_0.002558.png,14320,0.002558
tile_45646_mse_0.002558.png,45646,0.002558
tile_60228_mse_0.002556.png,60228,0.002556
tile_46467_mse_0.002554.png,46467,0.002554
tile_64234_mse_0.002551.png,64234,0.002551
tile_63221_mse_0.002550.png,63221,0.00255
tile_14371_mse_0.002545.png,14371,0.002545
tile_48157_mse_0.002544.png,48157,0.002544
tile_46069_mse_0.002541.png,46069,0.002541
tile_37713_mse_0.002540.png,37713,0.00254
tile_48550_mse_0.002540.png,48550,0.00254
tile_60617_mse_0.002536.png,60617,0.002536
tile_09774_mse_0.002535.png,9774,0.002535
tile_46685_mse_0.002533.png,46685,0.002533
tile_54900_mse_0.002532.png,54900,0.002532
tile_26343_mse_0.002532.png,26343,0.002532
tile_00643_mse_0.002529.png,643,0.002529
tile_54002_mse_0.002527.png,54002,0.002527
tile_09589_mse_0.002521.png,9589,0.002521
tile_26363_mse_0.002520.png,26363,0.00252
tile_11181_mse_0.002520.png,11181,0.00252
tile_67291_mse_0.002519.png,67291,0.002519
tile_60351_mse_0.002517.png,60351,0.002517
tile_56596_mse_0.002517.png,56596,0.002517
tile_18264_mse_0.002516.png,18264,0.002516
tile_08253_mse_0.002515.png,8253,0.002515
tile_51545_mse_0.002514.png,51545,0.002514
tile_38325_mse_0.002513.png,38325,0.002513
tile_40694_mse_0.002512.png,40694,0.002512
tile_51258_mse_0.002509.png,51258,0.002509
tile_34312_mse_0.002507.png,34312,0.002507
tile_18548_mse_0.002504.png,18548,0.002504
tile_50579_mse_0.002503.png,50579,0.002503
tile_11466_mse_0.002501.png,11466,0.002501
tile_48057_mse_0.002501.png,48057,0.002501
tile_10573_mse_0.002500.png,10573,0.0025
tile_25448_mse_0.002500.png,25448,0.0025
tile_02390_mse_0.002498.png,2390,0.002498
tile_33239_mse_0.002497.png,33239,0.002497
tile_50962_mse_0.002497.png,50962,0.002497
tile_26345_mse_0.002494.png,26345,0.002494
tile_17317_mse_0.002494.png,17317,0.002494
tile_58190_mse_0.002493.png,58190,0.002493
tile_64088_mse_0.002487.png,64088,0.002487
tile_07906_mse_0.002486.png,7906,0.002486
tile_67061_mse_0.002486.png,67061,0.002486
tile_12882_mse_0.002484.png,12882,0.002484
tile_43439_mse_0.002483.png,43439,0.002483
tile_62938_mse_0.002481.png,62938,0.002481
tile_55697_mse_0.002480.png,55697,0.00248
tile_30347_mse_0.002479.png,30347,0.002479
tile_26722_mse_0.002479.png,26722,0.002479
tile_03052_mse_0.002476.png,3052,0.002476
tile_04751_mse_0.002475.png,4751,0.002475
tile_47507_mse_0.002474.png,47507,0.002474
tile_02945_mse_0.002471.png,2945,0.002471
tile_06761_mse_0.002471.png,6761,0.002471
tile_09137_mse_0.002470.png,9137,0.00247
tile_68978_mse_0.002470.png,68978,0.00247
tile_37138_mse_0.002468.png,37138,0.002468
tile_15909_mse_0.002467.png,15909,0.002467
tile_44204_mse_0.002463.png,44204,0.002463
tile_05513_mse_0.002458.png,5513,0.002458
tile_29826_mse_0.002458.png,29826,0.002458
tile_11182_mse_0.002458.png,11182,0.002458
tile_44222_mse_0.002458.png,44222,0.002458
tile_66655_mse_0.002457.png,66655,0.002457
tile_59949_mse_0.002457.png,59949,0.002457
tile_68254_mse_0.002455.png,68254,0.002455
tile_20637_mse_0.002453.png,20637,0.002453
tile_08691_mse_0.002452.png,8691,0.002452
tile_06723_mse_0.002452.png,6723,0.002452
tile_30100_mse_0.002452.png,30100,0.002452
tile_53925_mse_0.002449.png,53925,0.002449
tile_22451_mse_0.002449.png,22451,0.002449
tile_41440_mse_0.002449.png,41440,0.002449
tile_53268_mse_0.002448.png,53268,0.002448
tile_09934_mse_0.002448.png,9934,0.002448
tile_20596_mse_0.002445.png,20596,0.002445
tile_60077_mse_0.002444.png,60077,0.002444
tile_44719_mse_0.002442.png,44719,0.002442
tile_18616_mse_0.002436.png,18616,0.002436
tile_21858_mse_0.002430.png,21858,0.00243
tile_20704_mse_0.002430.png,20704,0.00243
tile_69927_mse_0.002430.png,69927,0.00243
tile_02352_mse_0.002428.png,2352,0.002428
tile_53533_mse_0.002427.png,53533,0.002427
tile_54568_mse_0.002426.png,54568,0.002426
tile_10065_mse_0.002420.png,10065,0.00242
tile_16032_mse_0.002419.png,16032,0.002419
tile_01128_mse_0.002418.png,1128,0.002418
tile_33598_mse_0.002418.png,33598,0.002418
tile_66285_mse_0.002417.png,66285,0.002417
tile_65976_mse_0.002417.png,65976,0.002417
tile_29494_mse_0.002415.png,29494,0.002415
tile_63058_mse_0.002415.png,63058,0.002415
tile_39554_mse_0.002413.png,39554,0.002413
tile_65795_mse_0.002412.png,65795,0.002412
tile_04045_mse_0.002412.png,4045,0.002412
tile_17581_mse_0.002409.png,17581,0.002409
tile_24261_mse_0.002405.png,24261,0.002405
tile_67981_mse_0.002403.png,67981,0.002403
tile_61164_mse_0.002403.png,61164,0.002403
tile_20045_mse_0.002401.png,20045,0.002401
tile_07174_mse_0.002395.png,7174,0.002395
tile_45451_mse_0.002395.png,45451,0.002395
tile_55442_mse_0.002391.png,55442,0.002391
tile_57012_mse_0.002390.png,57012,0.00239
tile_65591_mse_0.002390.png,65591,0.00239
tile_54899_mse_0.002390.png,54899,0.00239
tile_47505_mse_0.002389.png,47505,0.002389
tile_67495_mse_0.002388.png,67495,0.002388
tile_21834_mse_0.002387.png,21834,0.002387
tile_51650_mse_0.002385.png,51650,0.002385
tile_52038_mse_0.002384.png,52038,0.002384
tile_20071_mse_0.002384.png,20071,0.002384
tile_38958_mse_0.002383.png,38958,0.002383
tile_58292_mse_0.002383.png,58292,0.002383
tile_18181_mse_0.002381.png,18181,0.002381
tile_63587_mse_0.002380.png,63587,0.00238
tile_27426_mse_0.002374.png,27426,0.002374
tile_47585_mse_0.002370.png,47585,0.00237
tile_34817_mse_0.002367.png,34817,0.002367
tile_53491_mse_0.002367.png,53491,0.002367
tile_61099_mse_0.002367.png,61099,0.002367
tile_52868_mse_0.002366.png,52868,0.002366
tile_57909_mse_0.002366.png,57909,0.002366
tile_08068_mse_0.002364.png,8068,0.002364
tile_55200_mse_0.002364.png,55200,0.002364
tile_68144_mse_0.002361.png,68144,0.002361
tile_61821_mse_0.002360.png,61821,0.00236
tile_65991_mse_0.002360.png,65991,0.00236
tile_65187_mse_0.002359.png,65187,0.002359
tile_16877_mse_0.002356.png,16877,0.002356
tile_45343_mse_0.002355.png,45343,0.002355
tile_04026_mse_0.002351.png,4026,0.002351
tile_14836_mse_0.002350.png,14836,0.00235
tile_24246_mse_0.002349.png,24246,0.002349
tile_51849_mse_0.002347.png,51849,0.002347
tile_67280_mse_0.002345.png,67280,0.002345
tile_16281_mse_0.002345.png,16281,0.002345
tile_03526_mse_0.002344.png,3526,0.002344
tile_13889_mse_0.002343.png,13889,0.002343
tile_06791_mse_0.002342.png,6791,0.002342
tile_31815_mse_0.002341.png,31815,0.002341
tile_44791_mse_0.002341.png,44791,0.002341
tile_37636_mse_0.002339.png,37636,0.002339
tile_33179_mse_0.002339.png,33179,0.002339
tile_05967_mse_0.002339.png,5967,0.002339
tile_59857_mse_0.002337.png,59857,0.002337
tile_44970_mse_0.002337.png,44970,0.002337
tile_29082_mse_0.002331.png,29082,0.002331
tile_13902_mse_0.002331.png,13902,0.002331
tile_68503_mse_0.002330.png,68503,0.00233
tile_09444_mse_0.002330.png,9444,0.00233
tile_35443_mse_0.002330.png,35443,0.00233
tile_57762_mse_0.002330.png,57762,0.00233
tile_43897_mse_0.002329.png,43897,0.002329
tile_22926_mse_0.002329.png,22926,0.002329
tile_31925_mse_0.002329.png,31925,0.002329
tile_02344_mse_0.002329.png,2344,0.002329
tile_37828_mse_0.002326.png,37828,0.002326
tile_26349_mse_0.002325.png,26349,0.002325
tile_23216_mse_0.002325.png,23216,0.002325
tile_09199_mse_0.002323.png,9199,0.002323
tile_05452_mse_0.002323.png,5452,0.002323
tile_57956_mse_0.002322.png,57956,0.002322
tile_39564_mse_0.002320.png,39564,0.00232
tile_51322_mse_0.002316.png,51322,0.002316
tile_00319_mse_0.002314.png,319,0.002314
tile_08315_mse_0.002312.png,8315,0.002312
tile_00606_mse_0.002312.png,606,0.002312
tile_48113_mse_0.002311.png,48113,0.002311
tile_19354_mse_0.002310.png,19354,0.00231
tile_38793_mse_0.002306.png,38793,0.002306
tile_01772_mse_0.002305.png,1772,0.002305
tile_31062_mse_0.002304.png,31062,0.002304
tile_04991_mse_0.002303.png,4991,0.002303
tile_41345_mse_0.002300.png,41345,0.0023
tile_61130_mse_0.002299.png,61130,0.002299
tile_19955_mse_0.002297.png,19955,0.002297
tile_26481_mse_0.002293.png,26481,0.002293
tile_46504_mse_0.002293.png,46504,0.002293
tile_26499_mse_0.002292.png,26499,0.002292
tile_49608_mse_0.002291.png,49608,0.002291
tile_24777_mse_0.002289.png,24777,0.002289
tile_64936_mse_0.002289.png,64936,0.002289
tile_41029_mse_0.002289.png,41029,0.002289
tile_42004_mse_0.002286.png,42004,0.002286
tile_43345_mse_0.002286.png,43345,0.002286
tile_48528_mse_0.002285.png,48528,0.002285
tile_18970_mse_0.002283.png,18970,0.002283
tile_04800_mse_0.002283.png,4800,0.002283
tile_60801_mse_0.002282.png,60801,0.002282
tile_13459_mse_0.002282.png,13459,0.002282
tile_40517_mse_0.002281.png,40517,0.002281
tile_09611_mse_0.002281.png,9611,0.002281
tile_67189_mse_0.002280.png,67189,0.00228
tile_10845_mse_0.002278.png,10845,0.002278
tile_55984_mse_0.002277.png,55984,0.002277
tile_29455_mse_0.002276.png,29455,0.002276
tile_10777_mse_0.002276.png,10777,0.002276
tile_11382_mse_0.002275.png,11382,0.002275
tile_62963_mse_0.002275.png,62963,0.002275
tile_52011_mse_0.002269.png,52011,0.002269
tile_47023_mse_0.002268.png,47023,0.002268
tile_16848_mse_0.002267.png,16848,0.002267
tile_47662_mse_0.002267.png,47662,0.002267
tile_39297_mse_0.002266.png,39297,0.002266
tile_05651_mse_0.002265.png,5651,0.002265
tile_39625_mse_0.002264.png,39625,0.002264
tile_26359_mse_0.002264.png,26359,0.002264
tile_06588_mse_0.002264.png,6588,0.002264
tile_45117_mse_0.002263.png,45117,0.002263
tile_11635_mse_0.002261.png,11635,0.002261
tile_03094_mse_0.002260.png,3094,0.00226
tile_46661_mse_0.002258.png,46661,0.002258
tile_57379_mse_0.002258.png,57379,0.002258
tile_24666_mse_0.002258.png,24666,0.002258
tile_21908_mse_0.002257.png,21908,0.002257
tile_50961_mse_0.002257.png,50961,0.002257
tile_39921_mse_0.002256.png,39921,0.002256
tile_66561_mse_0.002254.png,66561,0.002254
tile_35974_mse_0.002254.png,35974,0.002254
tile_33272_mse_0.002253.png,33272,0.002253
tile_54541_mse_0.002253.png,54541,0.002253
tile_63791_mse_0.002252.png,63791,0.002252
tile_05367_mse_0.002250.png,5367,0.00225
tile_41663_mse_0.002249.png,41663,0.002249
tile_56448_mse_0.002248.png,56448,0.002248
tile_43303_mse_0.002247.png,43303,0.002247
tile_52610_mse_0.002247.png,52610,0.002247
tile_63103_mse_0.002247.png,63103,0.002247
tile_50728_mse_0.002247.png,50728,0.002247
tile_40758_mse_0.002245.png,40758,0.002245
tile_64352_mse_0.002244.png,64352,0.002244
tile_20015_mse_0.002243.png,20015,0.002243
tile_26726_mse_0.002243.png,26726,0.002243
tile_42876_mse_0.002237.png,42876,0.002237
tile_10310_mse_0.002235.png,10310,0.002235
tile_35767_mse_0.002234.png,35767,0.002234
tile_67506_mse_0.002233.png,67506,0.002233
tile_22837_mse_0.002232.png,22837,0.002232
tile_69980_mse_0.002231.png,69980,0.002231
tile_35432_mse_0.002231.png,35432,0.002231
tile_37167_mse_0.002230.png,37167,0.00223
tile_45422_mse_0.002229.png,45422,0.002229
tile_10643_mse_0.002229.png,10643,0.002229
tile_45557_mse_0.002228.png,45557,0.002228
tile_57387_mse_0.002226.png,57387,0.002226
tile_14686_mse_0.002225.png,14686,0.002225
tile_57011_mse_0.002223.png,57011,0.002223
tile_68378_mse_0.002220.png,68378,0.00222
tile_40576_mse_0.002219.png,40576,0.002219
tile_02603_mse_0.002219.png,2603,0.002219
tile_19369_mse_0.002218.png,19369,0.002218
tile_47296_mse_0.002218.png,47296,0.002218
tile_62992_mse_0.002218.png,62992,0.002218
tile_36940_mse_0.002218.png,36940,0.002218
tile_64755_mse_0.002217.png,64755,0.002217
tile_64741_mse_0.002217.png,64741,0.002217
tile_51140_mse_0.002214.png,51140,0.002214
tile_03253_mse_0.002213.png,3253,0.002213
tile_58848_mse_0.002213.png,58848,0.002213
tile_64883_mse_0.002212.png,64883,0.002212
tile_41657_mse_0.002211.png,41657,0.002211
tile_65947_mse_0.002210.png,65947,0.00221
tile_33732_mse_0.002209.png,33732,0.002209
tile_03293_mse_0.002209.png,3293,0.002209
tile_28631_mse_0.002208.png,28631,0.002208
tile_26853_mse_0.002208.png,26853,0.002208
tile_43738_mse_0.002207.png,43738,0.002207
tile_66766_mse_0.002207.png,66766,0.002207
tile_18379_mse_0.002207.png,18379,0.002207
tile_61469_mse_0.002206.png,61469,0.002206
tile_09411_mse_0.002205.png,9411,0.002205
tile_35365_mse_0.002204.png,35365,0.002204
tile_23101_mse_0.002203.png,23101,0.002203
tile_25684_mse_0.002203.png,25684,0.002203
tile_01658_mse_0.002203.png,1658,0.002203
tile_46625_mse_0.002203.png,46625,0.002203
tile_54266_mse_0.002203.png,54266,0.002203
tile_67484_mse_0.002201.png,67484,0.002201
tile_46200_mse_0.002201.png,46200,0.002201
tile_28202_mse_0.002200.png,28202,0.0022
tile_43999_mse_0.002199.png,43999,0.002199
tile_12486_mse_0.002199.png,12486,0.002199
tile_12950_mse_0.002197.png,12950,0.002197
tile_42832_mse_0.002197.png,42832,0.002197
tile_08843_mse_0.002196.png,8843,0.002196
tile_37376_mse_0.002196.png,37376,0.002196
tile_54677_mse_0.002196.png,54677,0.002196
tile_67258_mse_0.002195.png,67258,0.002195
tile_24379_mse_0.002194.png,24379,0.002194
tile_65980_mse_0.002194.png,65980,0.002194
tile_63680_mse_0.002194.png,63680,0.002194
tile_52029_mse_0.002190.png,52029,0.00219
tile_61647_mse_0.002189.png,61647,0.002189
tile_54061_mse_0.002187.png,54061,0.002187
tile_47357_mse_0.002187.png,47357,0.002187
tile_01302_mse_0.002187.png,1302,0.002187
tile_47711_mse_0.002185.png,47711,0.002185
tile_43888_mse_0.002185.png,43888,0.002185
tile_09120_mse_0.002185.png,9120,0.002185
tile_11999_mse_0.002185.png,11999,0.002185
tile_26297_mse_0.002184.png,26297,0.002184
tile_61890_mse_0.002184.png,61890,0.002184
tile_11344_mse_0.002184.png,11344,0.002184
tile_00427_mse_0.002184.png,427,0.002184
tile_42727_mse_0.002184.png,42727,0.002184
tile_04795_mse_0.002182.png,4795,0.002182
tile_33834_mse_0.002180.png,33834,0.00218
tile_33741_mse_0.002180.png,33741,0.00218
tile_53864_mse_0.002180.png,53864,0.00218
tile_00862_mse_0.002178.png,862,0.002178
tile_07803_mse_0.002178.png,7803,0.002178
tile_62948_mse_0.002177.png,62948,0.002177
tile_10399_mse_0.002175.png,10399,0.002175
tile_12992_mse_0.002174.png,12992,0.002174
tile_14685_mse_0.002173.png,14685,0.002173
tile_59333_mse_0.002173.png,59333,0.002173
tile_67195_mse_0.002173.png,67195,0.002173
tile_07739_mse_0.002171.png,7739,0.002171
tile_16771_mse_0.002171.png,16771,0.002171
tile_36465_mse_0.002171.png,36465,0.002171
tile_35044_mse_0.002169.png,35044,0.002169
tile_24090_mse_0.002169.png,24090,0.002169
tile_47440_mse_0.002168.png,47440,0.002168
tile_37216_mse_0.002167.png,37216,0.002167
tile_15831_mse_0.002167.png,15831,0.002167
tile_15017_mse_0.002164.png,15017,0.002164
tile_11739_mse_0.002163.png,11739,0.002163
tile_47053_mse_0.002163.png,47053,0.002163
tile_05940_mse_0.002163.png,5940,0.002163
tile_11756_mse_0.002163.png,11756,0.002163
tile_13058_mse_0.002163.png,13058,0.002163
tile_12263_mse_0.002163.png,12263,0.002163
tile_09060_mse_0.002160.png,9060,0.00216
tile_14932_mse_0.002160.png,14932,0.00216
tile_37592_mse_0.002159.png,37592,0.002159
tile_15766_mse_0.002158.png,15766,0.002158
tile_33296_mse_0.002157.png,33296,0.002157
tile_46705_mse_0.002157.png,46705,0.002157
tile_08040_mse_0.002156.png,8040,0.002156
tile_03425_mse_0.002155.png,3425,0.002155
tile_35345_mse_0.002155.png,35345,0.002155
tile_23153_mse_0.002154.png,23153,0.002154
tile_12059_mse_0.002151.png,12059,0.002151
tile_65059_mse_0.002151.png,65059,0.002151
tile_70035_mse_0.002150.png,70035,0.00215
tile_23048_mse_0.002150.png,23048,0.00215
tile_69618_mse_0.002150.png,69618,0.00215
tile_54045_mse_0.002149.png,54045,0.002149
tile_03531_mse_0.002149.png,3531,0.002149
tile_21115_mse_0.002148.png,21115,0.002148
tile_46690_mse_0.002148.png,46690,0.002148
tile_11993_mse_0.002147.png,11993,0.002147
tile_15271_mse_0.002147.png,15271,0.002147
tile_44840_mse_0.002147.png,44840,0.002147
tile_57939_mse_0.002147.png,57939,0.002147
tile_31306_mse_0.002146.png,31306,0.002146
tile_29592_mse_0.002146.png,29592,0.002146
tile_04740_mse_0.002145.png,4740,0.002145
tile_32100_mse_0.002144.png,32100,0.002144
tile_31656_mse_0.002144.png,31656,0.002144
tile_39120_mse_0.002142.png,39120,0.002142
tile_61376_mse_0.002142.png,61376,0.002142
tile_29716_mse_0.002142.png,29716,0.002142
tile_37181_mse_0.002142.png,37181,0.002142
tile_28177_mse_0.002140.png,28177,0.00214
tile_12699_mse_0.002139.png,12699,0.002139
tile_01865_mse_0.002139.png,1865,0.002139
tile_25404_mse_0.002135.png,25404,0.002135
tile_51882_mse_0.002133.png,51882,0.002133
tile_22993_mse_0.002133.png,22993,0.002133
tile_37896_mse_0.002133.png,37896,0.002133
tile_54147_mse_0.002132.png,54147,0.002132
tile_47972_mse_0.002131.png,47972,0.002131
tile_05034_mse_0.002130.png,5034,0.00213
tile_06886_mse_0.002129.png,6886,0.002129
tile_66454_mse_0.002128.png,66454,0.002128
tile_35442_mse_0.002127.png,35442,0.002127
tile_08324_mse_0.002127.png,8324,0.002127
tile_29496_mse_0.002127.png,29496,0.002127
tile_68796_mse_0.002126.png,68796,0.002126
tile_26488_mse_0.002126.png,26488,0.002126
tile_30381_mse_0.002126.png,30381,0.002126
tile_00773_mse_0.002125.png,773,0.002125
tile_12571_mse_0.002125.png,12571,0.002125
tile_64743_mse_0.002123.png,64743,0.002123
tile_03388_mse_0.002123.png,3388,0.002123
tile_25777_mse_0.002121.png,25777,0.002121
tile_65933_mse_0.002118.png,65933,0.002118
tile_57228_mse_0.002117.png,57228,0.002117
tile_01777_mse_0.002117.png,1777,0.002117
tile_37890_mse_0.002116.png,37890,0.002116
tile_36184_mse_0.002116.png,36184,0.002116
tile_34923_mse_0.002116.png,34923,0.002116
tile_37180_mse_0.002115.png,37180,0.002115
tile_57959_mse_0.002115.png,57959,0.002115
tile_53876_mse_0.002115.png,53876,0.002115
tile_61391_mse_0.002115.png,61391,0.002115
tile_05873_mse_0.002113.png,5873,0.002113
tile_37328_mse_0.002113.png,37328,0.002113
tile_52340_mse_0.002112.png,52340,0.002112
tile_12978_mse_0.002112.png,12978,0.002112
tile_05235_mse_0.002111.png,5235,0.002111
tile_11328_mse_0.002111.png,11328,0.002111
tile_15251_mse_0.002111.png,15251,0.002111
tile_47122_mse_0.002111.png,47122,0.002111
tile_23561_mse_0.002110.png,23561,0.00211
tile_56076_mse_0.002110.png,56076,0.00211
tile_55714_mse_0.002109.png,55714,0.002109
tile_02831_mse_0.002109.png,2831,0.002109
tile_49771_mse_0.002109.png,49771,0.002109
tile_38909_mse_0.002109.png,38909,0.002109
tile_31346_mse_0.002109.png,31346,0.002109
tile_51141_mse_0.002108.png,51141,0.002108
tile_58433_mse_0.002107.png,58433,0.002107
tile_43603_mse_0.002107.png,43603,0.002107
tile_61859_mse_0.002107.png,61859,0.002107
tile_62235_mse_0.002107.png,62235,0.002107
tile_62758_mse_0.002105.png,62758,0.002105
tile_20892_mse_0.002104.png,20892,0.002104
tile_57007_mse_0.002103.png,57007,0.002103
tile_26295_mse_0.002103.png,26295,0.002103
tile_60770_mse_0.002103.png,60770,0.002103
tile_17415_mse_0.002103.png,17415,0.002103
tile_02389_mse_0.002100.png,2389,0.0021
tile_03495_mse_0.002099.png,3495,0.002099
tile_68105_mse_0.002099.png,68105,0.002099
tile_15894_mse_0.002097.png,15894,0.002097
tile_25050_mse_0.002097.png,25050,0.002097
tile_42167_mse_0.002097.png,42167,0.002097
tile_50836_mse_0.002096.png,50836,0.002096
tile_02828_mse_0.002096.png,2828,0.002096
tile_57827_mse_0.002095.png,57827,0.002095
tile_41253_mse_0.002094.png,41253,0.002094
tile_15147_mse_0.002093.png,15147,0.002093
tile_46815_mse_0.002092.png,46815,0.002092
tile_65028_mse_0.002092.png,65028,0.002092
tile_16581_mse_0.002092.png,16581,0.002092
tile_18347_mse_0.002089.png,18347,0.002089
tile_14025_mse_0.002089.png,14025,0.002089
tile_08822_mse_0.002088.png,8822,0.002088
tile_41439_mse_0.002087.png,41439,0.002087
tile_18845_mse_0.002086.png,18845,0.002086
tile_12887_mse_0.002085.png,12887,0.002085
tile_08301_mse_0.002085.png,8301,0.002085
tile_05155_mse_0.002085.png,5155,0.002085
tile_51195_mse_0.002085.png,51195,0.002085
tile_05322_mse_0.002084.png,5322,0.002084
tile_60213_mse_0.002084.png,60213,0.002084
tile_10980_mse_0.002084.png,10980,0.002084
tile_09396_mse_0.002083.png,9396,0.002083
tile_47281_mse_0.002083.png,47281,0.002083
tile_18898_mse_0.002083.png,18898,0.002083
tile_05516_mse_0.002083.png,5516,0.002083
tile_20314_mse_0.002082.png,20314,0.002082
tile_13745_mse_0.002082.png,13745,0.002082
tile_37560_mse_0.002081.png,37560,0.002081
tile_03006_mse_0.002081.png,3006,0.002081
tile_33457_mse_0.002081.png,33457,0.002081
tile_41845_mse_0.002081.png,41845,0.002081
tile_50765_mse_0.002080.png,50765,0.00208
tile_57957_mse_0.002079.png,57957,0.002079
tile_59033_mse_0.002079.png,59033,0.002079
tile_40727_mse_0.002077.png,40727,0.002077
tile_54513_mse_0.002077.png,54513,0.002077
tile_07790_mse_0.002076.png,7790,0.002076
tile_12785_mse_0.002076.png,12785,0.002076
tile_65150_mse_0.002076.png,65150,0.002076
tile_51873_mse_0.002075.png,51873,0.002075
tile_46921_mse_0.002075.png,46921,0.002075
tile_21025_mse_0.002069.png,21025,0.002069
tile_19816_mse_0.002069.png,19816,0.002069
tile_04384_mse_0.002069.png,4384,0.002069
tile_03172_mse_0.002068.png,3172,0.002068
tile_16196_mse_0.002067.png,16196,0.002067
tile_47824_mse_0.002067.png,47824,0.002067
tile_00795_mse_0.002067.png,795,0.002067
tile_04849_mse_0.002064.png,4849,0.002064
tile_30560_mse_0.002064.png,30560,0.002064
tile_37294_mse_0.002063.png,37294,0.002063
tile_18484_mse_0.002062.png,18484,0.002062
tile_34237_mse_0.002060.png,34237,0.00206
tile_15911_mse_0.002059.png,15911,0.002059
tile_57043_mse_0.002059.png,57043,0.002059
tile_64461_mse_0.002058.png,64461,0.002058
tile_41289_mse_0.002058.png,41289,0.002058
tile_53800_mse_0.002057.png,53800,0.002057
tile_34555_mse_0.002057.png,34555,0.002057
tile_05671_mse_0.002055.png,5671,0.002055
tile_49100_mse_0.002054.png,49100,0.002054
tile_66965_mse_0.002054.png,66965,0.002054
tile_28224_mse_0.002054.png,28224,0.002054
tile_52260_mse_0.002053.png,52260,0.002053
tile_40032_mse_0.002053.png,40032,0.002053
tile_40743_mse_0.002052.png,40743,0.002052
tile_60417_mse_0.002052.png,60417,0.002052
tile_41991_mse_0.002051.png,41991,0.002051
tile_00503_mse_0.002051.png,503,0.002051
tile_47046_mse_0.002051.png,47046,0.002051
tile_24581_mse_0.002050.png,24581,0.00205
tile_31160_mse_0.002049.png,31160,0.002049
tile_64499_mse_0.002048.png,64499,0.002048
tile_17314_mse_0.002045.png,17314,0.002045
tile_30218_mse_0.002044.png,30218,0.002044
tile_24700_mse_0.002044.png,24700,0.002044
tile_01573_mse_0.002043.png,1573,0.002043
tile_39267_mse_0.002042.png,39267,0.002042
tile_61248_mse_0.002041.png,61248,0.002041
tile_57163_mse_0.002040.png,57163,0.00204
tile_39873_mse_0.002038.png,39873,0.002038
tile_28488_mse_0.002037.png,28488,0.002037
tile_05908_mse_0.002037.png,5908,0.002037
tile_12395_mse_0.002037.png,12395,0.002037
tile_44390_mse_0.002037.png,44390,0.002037
tile_29535_mse_0.002036.png,29535,0.002036
tile_33528_mse_0.002036.png,33528,0.002036
tile_56080_mse_0.002036.png,56080,0.002036
tile_06921_mse_0.002034.png,6921,0.002034
tile_33977_mse_0.002033.png,33977,0.002033
tile_59439_mse_0.002033.png,59439,0.002033
tile_61429_mse_0.002032.png,61429,0.002032
tile_35851_mse_0.002032.png,35851,0.002032
tile_10199_mse_0.002031.png,10199,0.002031
tile_53116_mse_0.002031.png,53116,0.002031
tile_46791_mse_0.002031.png,46791,0.002031
tile_21572_mse_0.002030.png,21572,0.00203
tile_00391_mse_0.002029.png,391,0.002029
tile_26103_mse_0.002029.png,26103,0.002029
tile_47059_mse_0.002028.png,47059,0.002028
tile_69916_mse_0.002028.png,69916,0.002028
tile_55699_mse_0.002028.png,55699,0.002028
tile_12959_mse_0.002027.png,12959,0.002027
tile_14331_mse_0.002027.png,14331,0.002027
tile_05177_mse_0.002026.png,5177,0.002026
tile_13756_mse_0.002026.png,13756,0.002026
tile_42657_mse_0.002026.png,42657,0.002026
tile_61262_mse_0.002025.png,61262,0.002025
tile_36426_mse_0.002024.png,36426,0.002024
tile_19719_mse_0.002024.png,19719,0.002024
tile_41012_mse_0.002024.png,41012,0.002024
tile_19345_mse_0.002023.png,19345,0.002023
tile_33181_mse_0.002021.png,33181,0.002021
tile_33833_mse_0.002021.png,33833,0.002021
tile_55582_mse_0.002021.png,55582,0.002021
tile_62667_mse_0.002021.png,62667,0.002021
tile_10494_mse_0.002020.png,10494,0.00202
tile_07930_mse_0.002020.png,7930,0.00202
tile_43488_mse_0.002020.png,43488,0.00202
tile_62461_mse_0.002020.png,62461,0.00202
tile_07026_mse_0.002019.png,7026,0.002019
tile_03234_mse_0.002018.png,3234,0.002018
tile_39429_mse_0.002017.png,39429,0.002017
tile_67523_mse_0.002017.png,67523,0.002017
tile_68103_mse_0.002015.png,68103,0.002015
tile_09375_mse_0.002015.png,9375,0.002015
tile_18954_mse_0.002015.png,18954,0.002015
tile_10883_mse_0.002013.png,10883,0.002013
tile_43281_mse_0.002013.png,43281,0.002013
tile_57124_mse_0.002012.png,57124,0.002012
tile_65995_mse_0.002012.png,65995,0.002012
tile_28138_mse_0.002012.png,28138,0.002012
tile_22920_mse_0.002011.png,22920,0.002011
tile_22585_mse_0.002010.png,22585,0.00201
tile_34920_mse_0.002010.png,34920,0.00201
tile_09676_mse_0.002009.png,9676,0.002009
tile_41774_mse_0.002008.png,41774,0.002008
tile_51764_mse_0.002008.png,51764,0.002008
tile_63690_mse_0.002008.png,63690,0.002008
tile_41073_mse_0.002008.png,41073,0.002008
tile_22889_mse_0.002007.png,22889,0.002007
tile_12264_mse_0.002006.png,12264,0.002006
tile_62313_mse_0.002004.png,62313,0.002004
tile_55555_mse_0.002004.png,55555,0.002004
tile_15990_mse_0.002003.png,15990,0.002003
tile_10825_mse_0.002002.png,10825,0.002002
tile_66213_mse_0.002001.png,66213,0.002001
tile_41198_mse_0.002001.png,41198,0.002001
tile_12923_mse_0.002000.png,12923,0.002
tile_59338_mse_0.002000.png,59338,0.002
tile_04246_mse_0.001999.png,4246,0.001999
tile_42014_mse_0.001998.png,42014,0.001998
tile_59293_mse_0.001997.png,59293,0.001997
tile_01473_mse_0.001995.png,1473,0.001995
tile_01918_mse_0.001995.png,1918,0.001995
tile_68798_mse_0.001994.png,68798,0.001994
tile_05220_mse_0.001993.png,5220,0.001993
tile_31074_mse_0.001992.png,31074,0.001992
tile_12599_mse_0.001991.png,12599,0.001991
tile_69804_mse_0.001991.png,69804,0.001991
tile_04572_mse_0.001991.png,4572,0.001991
tile_64892_mse_0.001991.png,64892,0.001991
tile_42299_mse_0.001991.png,42299,0.001991
tile_17991_mse_0.001990.png,17991,0.00199
tile_32011_mse_0.001990.png,32011,0.00199
tile_14689_mse_0.001989.png,14689,0.001989
tile_38148_mse_0.001989.png,38148,0.001989
tile_09165_mse_0.001988.png,9165,0.001988
tile_16716_mse_0.001988.png,16716,0.001988
tile_34887_mse_0.001988.png,34887,0.001988
tile_54561_mse_0.001988.png,54561,0.001988
tile_66539_mse_0.001988.png,66539,0.001988
tile_46654_mse_0.001988.png,46654,0.001988
tile_09591_mse_0.001987.png,9591,0.001987
tile_08785_mse_0.001987.png,8785,0.001987
tile_21688_mse_0.001986.png,21688,0.001986
tile_29440_mse_0.001986.png,29440,0.001986
tile_61938_mse_0.001984.png,61938,0.001984
tile_57502_mse_0.001984.png,57502,0.001984
tile_47342_mse_0.001983.png,47342,0.001983
tile_53591_mse_0.001983.png,53591,0.001983
tile_26312_mse_0.001982.png,26312,0.001982
tile_51872_mse_0.001981.png,51872,0.001981
tile_03035_mse_0.001981.png,3035,0.001981
tile_01207_mse_0.001980.png,1207,0.00198
tile_05423_mse_0.001980.png,5423,0.00198
tile_52683_mse_0.001979.png,52683,0.001979
tile_30947_mse_0.001978.png,30947,0.001978
tile_34747_mse_0.001978.png,34747,0.001978
tile_02327_mse_0.001976.png,2327,0.001976
tile_69915_mse_0.001976.png,69915,0.001976
tile_52390_mse_0.001975.png,52390,0.001975
tile_09075_mse_0.001975.png,9075,0.001975
tile_12248_mse_0.001974.png,12248,0.001974
tile_68460_mse_0.001973.png,68460,0.001973
tile_55793_mse_0.001972.png,55793,0.001972
tile_61622_mse_0.001972.png,61622,0.001972
tile_51691_mse_0.001971.png,51691,0.001971
tile_29897_mse_0.001970.png,29897,0.00197
tile_23251_mse_0.001968.png,23251,0.001968
tile_05514_mse_0.001967.png,5514,0.001967
tile_06826_mse_0.001965.png,6826,0.001965
tile_19204_mse_0.001965.png,19204,0.001965
tile_35430_mse_0.001965.png,35430,0.001965
tile_49316_mse_0.001965.png,49316,0.001965
tile_54880_mse_0.001964.png,54880,0.001964
tile_51078_mse_0.001964.png,51078,0.001964
tile_10651_mse_0.001964.png,10651,0.001964
tile_10183_mse_0.001963.png,10183,0.001963
tile_30570_mse_0.001962.png,30570,0.001962
tile_01046_mse_0.001962.png,1046,0.001962
tile_08563_mse_0.001962.png,8563,0.001962
tile_38219_mse_0.001962.png,38219,0.001962
tile_29701_mse_0.001962.png,29701,0.001962
tile_54502_mse_0.001961.png,54502,0.001961
tile_47450_mse_0.001961.png,47450,0.001961
tile_11613_mse_0.001961.png,11613,0.001961
tile_59729_mse_0.001961.png,59729,0.001961
tile_06108_mse_0.001960.png,6108,0.00196
tile_10657_mse_0.001960.png,10657,0.00196
tile_46075_mse_0.001960.png,46075,0.00196
tile_16457_mse_0.001959.png,16457,0.001959
tile_27387_mse_0.001959.png,27387,0.001959
tile_28557_mse_0.001958.png,28557,0.001958
tile_44698_mse_0.001957.png,44698,0.001957
tile_05213_mse_0.001957.png,5213,0.001957
tile_34600_mse_0.001955.png,34600,0.001955
tile_17976_mse_0.001955.png,17976,0.001955
tile_24748_mse_0.001955.png,24748,0.001955
tile_11154_mse_0.001955.png,11154,0.001955
tile_07489_mse_0.001955.png,7489,0.001955
tile_24665_mse_0.001954.png,24665,0.001954
tile_60019_mse_0.001954.png,60019,0.001954
tile_68545_mse_0.001953.png,68545,0.001953
tile_48168_mse_0.001953.png,48168,0.001953
tile_62038_mse_0.001952.png,62038,0.001952
tile_31035_mse_0.001951.png,31035,0.001951
tile_35527_mse_0.001950.png,35527,0.00195
tile_36884_mse_0.001950.png,36884,0.00195
tile_57266_mse_0.001947.png,57266,0.001947
tile_10094_mse_0.001947.png,10094,0.001947
tile_70031_mse_0.001947.png,70031,0.001947
tile_31808_mse_0.001947.png,31808,0.001947
tile_19684_mse_0.001944.png,19684,0.001944
tile_07135_mse_0.001943.png,7135,0.001943
tile_23910_mse_0.001943.png,23910,0.001943
tile_49390_mse_0.001942.png,49390,0.001942
tile_09370_mse_0.001941.png,9370,0.001941
tile_15215_mse_0.001941.png,15215,0.001941
tile_22795_mse_0.001940.png,22795,0.00194
tile_07515_mse_0.001940.png,7515,0.00194
tile_57772_mse_0.001940.png,57772,0.00194
tile_07833_mse_0.001940.png,7833,0.00194
tile_47905_mse_0.001939.png,47905,0.001939
tile_02132_mse_0.001939.png,2132,0.001939
tile_57086_mse_0.001938.png,57086,0.001938
tile_29271_mse_0.001938.png,29271,0.001938
tile_57042_mse_0.001937.png,57042,0.001937
tile_13746_mse_0.001937.png,13746,0.001937
tile_41015_mse_0.001937.png,41015,0.001937
tile_26302_mse_0.001936.png,26302,0.001936
tile_59251_mse_0.001936.png,59251,0.001936
tile_55315_mse_0.001935.png,55315,0.001935
tile_51183_mse_0.001934.png,51183,0.001934
tile_57852_mse_0.001934.png,57852,0.001934
tile_44841_mse_0.001933.png,44841,0.001933
tile_15896_mse_0.001933.png,15896,0.001933
tile_03513_mse_0.001932.png,3513,0.001932
tile_47236_mse_0.001932.png,47236,0.001932
tile_17008_mse_0.001932.png,17008,0.001932
tile_54332_mse_0.001932.png,54332,0.001932
tile_66489_mse_0.001930.png,66489,0.00193
tile_03180_mse_0.001930.png,3180,0.00193
tile_57465_mse_0.001930.png,57465,0.00193
tile_62872_mse_0.001929.png,62872,0.001929
tile_01277_mse_0.001929.png,1277,0.001929
tile_65961_mse_0.001928.png,65961,0.001928
tile_61757_mse_0.001927.png,61757,0.001927
tile_48693_mse_0.001927.png,48693,0.001927
tile_65949_mse_0.001927.png,65949,0.001927
tile_52481_mse_0.001927.png,52481,0.001927
tile_11277_mse_0.001925.png,11277,0.001925
tile_09078_mse_0.001925.png,9078,0.001925
tile_05364_mse_0.001924.png,5364,0.001924
tile_36457_mse_0.001924.png,36457,0.001924
tile_11445_mse_0.001924.png,11445,0.001924
tile_47137_mse_0.001924.png,47137,0.001924
tile_40543_mse_0.001923.png,40543,0.001923
tile_00266_mse_0.001922.png,266,0.001922
tile_55698_mse_0.001922.png,55698,0.001922
tile_40919_mse_0.001922.png,40919,0.001922
tile_57441_mse_0.001922.png,57441,0.001922
tile_09054_mse_0.001921.png,9054,0.001921
tile_35607_mse_0.001920.png,35607,0.00192
tile_28141_mse_0.001920.png,28141,0.00192
tile_45846_mse_0.001920.png,45846,0.00192
tile_02359_mse_0.001919.png,2359,0.001919
tile_03687_mse_0.001918.png,3687,0.001918
tile_09200_mse_0.001918.png,9200,0.001918
tile_16403_mse_0.001917.png,16403,0.001917
tile_11007_mse_0.001916.png,11007,0.001916
tile_66704_mse_0.001916.png,66704,0.001916
tile_62265_mse_0.001915.png,62265,0.001915
tile_51910_mse_0.001914.png,51910,0.001914
tile_10916_mse_0.001913.png,10916,0.001913
tile_32558_mse_0.001913.png,32558,0.001913
tile_09326_mse_0.001912.png,9326,0.001912
tile_50066_mse_0.001912.png,50066,0.001912
tile_40182_mse_0.001912.png,40182,0.001912
tile_69625_mse_0.001912.png,69625,0.001912
tile_48607_mse_0.001912.png,48607,0.001912
tile_29244_mse_0.001912.png,29244,0.001912
tile_46237_mse_0.001911.png,46237,0.001911
tile_53506_mse_0.001911.png,53506,0.001911
tile_00777_mse_0.001910.png,777,0.00191
tile_35822_mse_0.001909.png,35822,0.001909
tile_65605_mse_0.001909.png,65605,0.001909
tile_05517_mse_0.001909.png,5517,0.001909
tile_17714_mse_0.001908.png,17714,0.001908
tile_39539_mse_0.001908.png,39539,0.001908
tile_00825_mse_0.001908.png,825,0.001908
tile_65988_mse_0.001907.png,65988,0.001907
tile_61613_mse_0.001907.png,61613,0.001907
tile_39054_mse_0.001906.png,39054,0.001906
tile_59032_mse_0.001906.png,59032,0.001906
tile_48010_mse_0.001906.png,48010,0.001906
tile_26456_mse_0.001906.png,26456,0.001906
tile_57044_mse_0.001905.png,57044,0.001905
tile_02526_mse_0.001905.png,2526,0.001905
tile_34607_mse_0.001904.png,34607,0.001904
tile_48901_mse_0.001904.png,48901,0.001904
tile_05918_mse_0.001904.png,5918,0.001904
tile_46609_mse_0.001904.png,46609,0.001904
tile_56485_mse_0.001903.png,56485,0.001903
tile_10335_mse_0.001903.png,10335,0.001903
tile_01541_mse_0.001903.png,1541,0.001903
tile_52743_mse_0.001903.png,52743,0.001903
tile_02704_mse_0.001902.png,2704,0.001902
tile_01401_mse_0.001901.png,1401,0.001901
tile_12845_mse_0.001900.png,12845,0.0019
tile_21033_mse_0.001900.png,21033,0.0019
tile_49840_mse_0.001900.png,49840,0.0019
tile_32625_mse_0.001900.png,32625,0.0019
tile_01104_mse_0.001899.png,1104,0.001899
tile_08349_mse_0.001899.png,8349,0.001899
tile_29080_mse_0.001898.png,29080,0.001898
tile_20211_mse_0.001897.png,20211,0.001897
tile_62939_mse_0.001897.png,62939,0.001897
tile_02096_mse_0.001897.png,2096,0.001897
tile_07766_mse_0.001897.png,7766,0.001897
tile_26271_mse_0.001895.png,26271,0.001895
tile_48399_mse_0.001894.png,48399,0.001894
tile_65965_mse_0.001893.png,65965,0.001893
tile_56253_mse_0.001893.png,56253,0.001893
tile_47789_mse_0.001893.png,47789,0.001893
tile_05047_mse_0.001892.png,5047,0.001892
tile_52428_mse_0.001892.png,52428,0.001892
tile_69976_mse_0.001891.png,69976,0.001891
tile_26282_mse_0.001891.png,26282,0.001891
tile_35556_mse_0.001891.png,35556,0.001891
tile_24105_mse_0.001890.png,24105,0.00189
tile_64786_mse_0.001890.png,64786,0.00189
tile_12977_mse_0.001889.png,12977,0.001889
tile_52839_mse_0.001889.png,52839,0.001889
tile_46669_mse_0.001889.png,46669,0.001889
tile_02113_mse_0.001888.png,2113,0.001888
tile_55972_mse_0.001888.png,55972,0.001888
tile_28976_mse_0.001888.png,28976,0.001888
tile_42483_mse_0.001887.png,42483,0.001887
tile_56284_mse_0.001887.png,56284,0.001887
tile_34027_mse_0.001887.png,34027,0.001887
tile_04866_mse_0.001886.png,4866,0.001886
tile_01440_mse_0.001884.png,1440,0.001884
tile_41517_mse_0.001883.png,41517,0.001883
tile_06405_mse_0.001883.png,6405,0.001883
tile_17148_mse_0.001883.png,17148,0.001883
tile_01743_mse_0.001882.png,1743,0.001882
tile_63478_mse_0.001882.png,63478,0.001882
tile_06377_mse_0.001881.png,6377,0.001881
tile_62987_mse_0.001881.png,62987,0.001881
tile_46718_mse_0.001881.png,46718,0.001881
tile_26115_mse_0.001880.png,26115,0.00188
tile_60400_mse_0.001879.png,60400,0.001879
tile_63508_mse_0.001877.png,63508,0.001877
tile_17381_mse_0.001877.png,17381,0.001877
tile_26755_mse_0.001876.png,26755,0.001876
tile_24949_mse_0.001876.png,24949,0.001876
tile_32883_mse_0.001876.png,32883,0.001876
tile_42417_mse_0.001874.png,42417,0.001874
tile_44034_mse_0.001874.png,44034,0.001874
tile_46646_mse_0.001873.png,46646,0.001873
tile_62908_mse_0.001873.png,62908,0.001873
tile_43946_mse_0.001873.png,43946,0.001873
tile_24131_mse_0.001872.png,24131,0.001872
tile_64465_mse_0.001872.png,64465,0.001872
tile_58720_mse_0.001871.png,58720,0.001871
tile_35476_mse_0.001871.png,35476,0.001871
tile_53329_mse_0.001871.png,53329,0.001871
tile_10929_mse_0.001870.png,10929,0.00187
tile_11746_mse_0.001870.png,11746,0.00187
tile_11810_mse_0.001869.png,11810,0.001869
tile_34054_mse_0.001869.png,34054,0.001869
tile_00363_mse_0.001868.png,363,0.001868
tile_33870_mse_0.001867.png,33870,0.001867
tile_24238_mse_0.001866.png,24238,0.001866
tile_02289_mse_0.001866.png,2289,0.001866
tile_38434_mse_0.001866.png,38434,0.001866
tile_07894_mse_0.001865.png,7894,0.001865
tile_01223_mse_0.001865.png,1223,0.001865
tile_44974_mse_0.001865.png,44974,0.001865
tile_52571_mse_0.001865.png,52571,0.001865
tile_65771_mse_0.001865.png,65771,0.001865
tile_11553_mse_0.001865.png,11553,0.001865
tile_48066_mse_0.001863.png,48066,0.001863
tile_15627_mse_0.001862.png,15627,0.001862
tile_41701_mse_0.001861.png,41701,0.001861
tile_09818_mse_0.001861.png,9818,0.001861
tile_04605_mse_0.001861.png,4605,0.001861
tile_02649_mse_0.001861.png,2649,0.001861
tile_32488_mse_0.001860.png,32488,0.00186
tile_00390_mse_0.001860.png,390,0.00186
tile_01821_mse_0.001859.png,1821,0.001859
tile_09025_mse_0.001858.png,9025,0.001858
tile_53114_mse_0.001857.png,53114,0.001857
tile_59968_mse_0.001857.png,59968,0.001857
tile_15200_mse_0.001857.png,15200,0.001857
tile_44448_mse_0.001857.png,44448,0.001857
tile_09616_mse_0.001857.png,9616,0.001857
tile_53295_mse_0.001856.png,53295,0.001856
tile_00116_mse_0.001855.png,116,0.001855
tile_18797_mse_0.001855.png,18797,0.001855
tile_07311_mse_0.001854.png,7311,0.001854
tile_09138_mse_0.001853.png,9138,0.001853
tile_63417_mse_0.001853.png,63417,0.001853
tile_05796_mse_0.001850.png,5796,0.00185
tile_01286_mse_0.001850.png,1286,0.00185
tile_68558_mse_0.001850.png,68558,0.00185
tile_11686_mse_0.001850.png,11686,0.00185
tile_54020_mse_0.001850.png,54020,0.00185
tile_24656_mse_0.001850.png,24656,0.00185
tile_02722_mse_0.001849.png,2722,0.001849
tile_55522_mse_0.001849.png,55522,0.001849
tile_17585_mse_0.001848.png,17585,0.001848
tile_24722_mse_0.001848.png,24722,0.001848
tile_20261_mse_0.001848.png,20261,0.001848
tile_46599_mse_0.001847.png,46599,0.001847
tile_15405_mse_0.001845.png,15405,0.001845
tile_34719_mse_0.001844.png,34719,0.001844
tile_64876_mse_0.001843.png,64876,0.001843
tile_21595_mse_0.001843.png,21595,0.001843
tile_58320_mse_0.001843.png,58320,0.001843
tile_13644_mse_0.001843.png,13644,0.001843
tile_05858_mse_0.001842.png,5858,0.001842
tile_62796_mse_0.001842.png,62796,0.001842
tile_62597_mse_0.001842.png,62597,0.001842
tile_38486_mse_0.001841.png,38486,0.001841
tile_02578_mse_0.001839.png,2578,0.001839
tile_00709_mse_0.001839.png,709,0.001839
tile_17649_mse_0.001839.png,17649,0.001839
tile_06478_mse_0.001838.png,6478,0.001838
tile_68940_mse_0.001838.png,68940,0.001838
tile_57140_mse_0.001837.png,57140,0.001837
tile_64064_mse_0.001837.png,64064,0.001837
tile_66540_mse_0.001837.png,66540,0.001837
tile_35971_mse_0.001837.png,35971,0.001837
tile_43170_mse_0.001836.png,43170,0.001836
tile_43711_mse_0.001836.png,43711,0.001836
tile_05672_mse_0.001836.png,5672,0.001836
tile_03656_mse_0.001835.png,3656,0.001835
tile_65074_mse_0.001835.png,65074,0.001835
tile_57940_mse_0.001835.png,57940,0.001835
tile_46124_mse_0.001835.png,46124,0.001835
tile_52178_mse_0.001835.png,52178,0.001835
tile_23435_mse_0.001835.png,23435,0.001835
tile_61128_mse_0.001834.png,61128,0.001834
tile_06769_mse_0.001834.png,6769,0.001834
tile_02761_mse_0.001834.png,2761,0.001834
tile_67542_mse_0.001834.png,67542,0.001834
tile_49104_mse_0.001833.png,49104,0.001833
tile_37862_mse_0.001833.png,37862,0.001833
tile_08092_mse_0.001833.png,8092,0.001833
tile_00706_mse_0.001833.png,706,0.001833
tile_53178_mse_0.001832.png,53178,0.001832
tile_02481_mse_0.001832.png,2481,0.001832
tile_26855_mse_0.001832.png,26855,0.001832
tile_08846_mse_0.001831.png,8846,0.001831
tile_39188_mse_0.001831.png,39188,0.001831
tile_44357_mse_0.001831.png,44357,0.001831
tile_32361_mse_0.001831.png,32361,0.001831
tile_35606_mse_0.001830.png,35606,0.00183
tile_18086_mse_0.001830.png,18086,0.00183
tile_07656_mse_0.001830.png,7656,0.00183
tile_00730_mse_0.001829.png,730,0.001829
tile_17607_mse_0.001829.png,17607,0.001829
tile_51490_mse_0.001828.png,51490,0.001828
tile_00199_mse_0.001826.png,199,0.001826
tile_29101_mse_0.001826.png,29101,0.001826
tile_26268_mse_0.001826.png,26268,0.001826
tile_37133_mse_0.001826.png,37133,0.001826
tile_04096_mse_0.001826.png,4096,0.001826
tile_65162_mse_0.001825.png,65162,0.001825
tile_12086_mse_0.001824.png,12086,0.001824
tile_65104_mse_0.001824.png,65104,0.001824
tile_24116_mse_0.001824.png,24116,0.001824
tile_69396_mse_0.001824.png,69396,0.001824
tile_15371_mse_0.001824.png,15371,0.001824
tile_56379_mse_0.001824.png,56379,0.001824
tile_37207_mse_0.001824.png,37207,0.001824
tile_20078_mse_0.001824.png,20078,0.001824
tile_55073_mse_0.001823.png,55073,0.001823
tile_52423_mse_0.001822.png,52423,0.001822
tile_04098_mse_0.001821.png,4098,0.001821
tile_63776_mse_0.001821.png,63776,0.001821
tile_08601_mse_0.001821.png,8601,0.001821
tile_23750_mse_0.001820.png,23750,0.00182
tile_68080_mse_0.001818.png,68080,0.001818
tile_45845_mse_0.001818.png,45845,0.001818
tile_45229_mse_0.001818.png,45229,0.001818
tile_40064_mse_0.001818.png,40064,0.001818
tile_54637_mse_0.001818.png,54637,0.001818
tile_48084_mse_0.001817.png,48084,0.001817
tile_03575_mse_0.001817.png,3575,0.001817
tile_53356_mse_0.001817.png,53356,0.001817
tile_31623_mse_0.001815.png,31623,0.001815
tile_56436_mse_0.001815.png,56436,0.001815
tile_57979_mse_0.001814.png,57979,0.001814
tile_64952_mse_0.001814.png,64952,0.001814
tile_26852_mse_0.001814.png,26852,0.001814
tile_00526_mse_0.001814.png,526,0.001814
tile_21152_mse_0.001814.png,21152,0.001814
tile_15338_mse_0.001814.png,15338,0.001814
tile_65951_mse_0.001813.png,65951,0.001813
tile_23786_mse_0.001812.png,23786,0.001812
tile_56405_mse_0.001812.png,56405,0.001812
tile_62836_mse_0.001812.png,62836,0.001812
tile_44080_mse_0.001811.png,44080,0.001811
tile_64740_mse_0.001810.png,64740,0.00181
tile_00333_mse_0.001810.png,333,0.00181
tile_33905_mse_0.001809.png,33905,0.001809
tile_34257_mse_0.001809.png,34257,0.001809
tile_52838_mse_0.001809.png,52838,0.001809
tile_22935_mse_0.001809.png,22935,0.001809
tile_32243_mse_0.001808.png,32243,0.001808
tile_49103_mse_0.001808.png,49103,0.001808
tile_22150_mse_0.001808.png,22150,0.001808
tile_05221_mse_0.001808.png,5221,0.001808
tile_46987_mse_0.001806.png,46987,0.001806
tile_63992_mse_0.001806.png,63992,0.001806
tile_64866_mse_0.001806.png,64866,0.001806
tile_16277_mse_0.001806.png,16277,0.001806
tile_07044_mse_0.001805.png,7044,0.001805
tile_17750_mse_0.001803.png,17750,0.001803
tile_62742_mse_0.001803.png,62742,0.001803
tile_04077_mse_0.001803.png,4077,0.001803
tile_68388_mse_0.001803.png,68388,0.001803
tile_49137_mse_0.001803.png,49137,0.001803
tile_25419_mse_0.001803.png,25419,0.001803
tile_62418_mse_0.001802.png,62418,0.001802
tile_47868_mse_0.001802.png,47868,0.001802
tile_44644_mse_0.001802.png,44644,0.001802
tile_45720_mse_0.001802.png,45720,0.001802
tile_05781_mse_0.001801.png,5781,0.001801
tile_06935_mse_0.001801.png,6935,0.001801
tile_45723_mse_0.001801.png,45723,0.001801
tile_36880_mse_0.001801.png,36880,0.001801
tile_15644_mse_0.001800.png,15644,0.0018
tile_41894_mse_0.001799.png,41894,0.001799
tile_69973_mse_0.001799.png,69973,0.001799
tile_53863_mse_0.001798.png,53863,0.001798
tile_17167_mse_0.001798.png,17167,0.001798
tile_58987_mse_0.001797.png,58987,0.001797
tile_50614_mse_0.001797.png,50614,0.001797
tile_17101_mse_0.001797.png,17101,0.001797
tile_53955_mse_0.001796.png,53955,0.001796
tile_03514_mse_0.001795.png,3514,0.001795
tile_00976_mse_0.001795.png,976,0.001795
tile_33287_mse_0.001794.png,33287,0.001794
tile_53374_mse_0.001794.png,53374,0.001794
tile_33090_mse_0.001794.png,33090,0.001794
tile_29107_mse_0.001793.png,29107,0.001793
tile_47409_mse_0.001793.png,47409,0.001793
tile_07080_mse_0.001793.png,7080,0.001793
tile_17831_mse_0.001793.png,17831,0.001793
tile_59162_mse_0.001792.png,59162,0.001792
tile_16859_mse_0.001792.png,16859,0.001792
tile_32404_mse_0.001792.png,32404,0.001792
tile_52296_mse_0.001792.png,52296,0.001792
tile_32402_mse_0.001791.png,32402,0.001791
tile_38894_mse_0.001791.png,38894,0.001791
tile_45354_mse_0.001791.png,45354,0.001791
tile_07731_mse_0.001790.png,7731,0.00179
tile_15884_mse_0.001790.png,15884,0.00179
tile_37164_mse_0.001789.png,37164,0.001789
tile_68782_mse_0.001789.png,68782,0.001789
tile_29830_mse_0.001789.png,29830,0.001789
tile_53180_mse_0.001789.png,53180,0.001789
tile_25088_mse_0.001788.png,25088,0.001788
tile_56035_mse_0.001788.png,56035,0.001788
tile_50363_mse_0.001788.png,50363,0.001788
tile_60409_mse_0.001787.png,60409,0.001787
tile_12530_mse_0.001787.png,12530,0.001787
tile_00320_mse_0.001787.png,320,0.001787
tile_40587_mse_0.001786.png,40587,0.001786
tile_56997_mse_0.001786.png,56997,0.001786
tile_54848_mse_0.001786.png,54848,0.001786
tile_46248_mse_0.001786.png,46248,0.001786
tile_35194_mse_0.001786.png,35194,0.001786
tile_56601_mse_0.001786.png,56601,0.001786
tile_16577_mse_0.001785.png,16577,0.001785
tile_31364_mse_0.001784.png,31364,0.001784
tile_10489_mse_0.001784.png,10489,0.001784
tile_40411_mse_0.001784.png,40411,0.001784
tile_49039_mse_0.001783.png,49039,0.001783
tile_30728_mse_0.001783.png,30728,0.001783
tile_67618_mse_0.001783.png,67618,0.001783
tile_07554_mse_0.001783.png,7554,0.001783
tile_61280_mse_0.001782.png,61280,0.001782
tile_41353_mse_0.001782.png,41353,0.001782
tile_48125_mse_0.001781.png,48125,0.001781
tile_59275_mse_0.001781.png,59275,0.001781
tile_04999_mse_0.001781.png,4999,0.001781
tile_53172_mse_0.001780.png,53172,0.00178
tile_17520_mse_0.001780.png,17520,0.00178
tile_39268_mse_0.001780.png,39268,0.00178
tile_45973_mse_0.001780.png,45973,0.00178
tile_01453_mse_0.001779.png,1453,0.001779
tile_26348_mse_0.001779.png,26348,0.001779
tile_16692_mse_0.001779.png,16692,0.001779
tile_00659_mse_0.001779.png,659,0.001779
tile_39131_mse_0.001779.png,39131,0.001779
tile_45946_mse_0.001778.png,45946,0.001778
tile_24035_mse_0.001778.png,24035,0.001778
tile_10512_mse_0.001778.png,10512,0.001778
tile_26649_mse_0.001778.png,26649,0.001778
tile_01715_mse_0.001778.png,1715,0.001778
tile_09636_mse_0.001777.png,9636,0.001777
tile_33604_mse_0.001777.png,33604,0.001777
tile_65272_mse_0.001776.png,65272,0.001776
tile_13484_mse_0.001776.png,13484,0.001776
tile_52023_mse_0.001776.png,52023,0.001776
tile_46505_mse_0.001776.png,46505,0.001776
tile_54215_mse_0.001776.png,54215,0.001776
tile_18440_mse_0.001775.png,18440,0.001775
tile_65165_mse_0.001775.png,65165,0.001775
tile_05081_mse_0.001775.png,5081,0.001775
tile_08763_mse_0.001774.png,8763,0.001774
tile_15486_mse_0.001774.png,15486,0.001774
tile_54624_mse_0.001773.png,54624,0.001773
tile_56268_mse_0.001773.png,56268,0.001773
tile_55773_mse_0.001773.png,55773,0.001773
tile_16005_mse_0.001772.png,16005,0.001772
tile_50560_mse_0.001772.png,50560,0.001772
tile_52238_mse_0.001772.png,52238,0.001772
tile_28265_mse_0.001771.png,28265,0.001771
tile_62915_mse_0.001771.png,62915,0.001771
tile_61800_mse_0.001770.png,61800,0.00177
tile_13158_mse_0.001770.png,13158,0.00177
tile_36046_mse_0.001770.png,36046,0.00177
tile_61854_mse_0.001770.png,61854,0.00177
tile_58138_mse_0.001770.png,58138,0.00177
tile_19007_mse_0.001769.png,19007,0.001769
tile_29068_mse_0.001769.png,29068,0.001769
tile_07671_mse_0.001769.png,7671,0.001769
tile_43648_mse_0.001769.png,43648,0.001769
tile_53537_mse_0.001768.png,53537,0.001768
tile_53672_mse_0.001767.png,53672,0.001767
tile_24399_mse_0.001767.png,24399,0.001767
tile_62979_mse_0.001767.png,62979,0.001767
tile_26310_mse_0.001767.png,26310,0.001767
tile_07187_mse_0.001766.png,7187,0.001766
tile_69895_mse_0.001766.png,69895,0.001766
tile_38292_mse_0.001765.png,38292,0.001765
tile_30395_mse_0.001764.png,30395,0.001764
tile_61464_mse_0.001764.png,61464,0.001764
tile_00807_mse_0.001764.png,807,0.001764
tile_20212_mse_0.001764.png,20212,0.001764
tile_05887_mse_0.001763.png,5887,0.001763
tile_39691_mse_0.001763.png,39691,0.001763
tile_70036_mse_0.001763.png,70036,0.001763
tile_12603_mse_0.001762.png,12603,0.001762
tile_66276_mse_0.001762.png,66276,0.001762
tile_16275_mse_0.001761.png,16275,0.001761
tile_61101_mse_0.001761.png,61101,0.001761
tile_14269_mse_0.001761.png,14269,0.001761
tile_60761_mse_0.001761.png,60761,0.001761
tile_66335_mse_0.001760.png,66335,0.00176
tile_42942_mse_0.001760.png,42942,0.00176
tile_11128_mse_0.001760.png,11128,0.00176
tile_07059_mse_0.001759.png,7059,0.001759
tile_65550_mse_0.001759.png,65550,0.001759
tile_32131_mse_0.001758.png,32131,0.001758
tile_39206_mse_0.001758.png,39206,0.001758
tile_57317_mse_0.001758.png,57317,0.001758
tile_51356_mse_0.001758.png,51356,0.001758
tile_46639_mse_0.001757.png,46639,0.001757
tile_04808_mse_0.001757.png,4808,0.001757
tile_44244_mse_0.001757.png,44244,0.001757
tile_33887_mse_0.001757.png,33887,0.001757
tile_13817_mse_0.001757.png,13817,0.001757
tile_37163_mse_0.001756.png,37163,0.001756
tile_53687_mse_0.001756.png,53687,0.001756
tile_53382_mse_0.001755.png,53382,0.001755
tile_24515_mse_0.001754.png,24515,0.001754
tile_03491_mse_0.001754.png,3491,0.001754
tile_06134_mse_0.001754.png,6134,0.001754
tile_05594_mse_0.001753.png,5594,0.001753
tile_10184_mse_0.001753.png,10184,0.001753
tile_44689_mse_0.001753.png,44689,0.001753
tile_26512_mse_0.001753.png,26512,0.001753
tile_06019_mse_0.001752.png,6019,0.001752
tile_57271_mse_0.001752.png,57271,0.001752
tile_43101_mse_0.001751.png,43101,0.001751
tile_68734_mse_0.001751.png,68734,0.001751
tile_28167_mse_0.001751.png,28167,0.001751
tile_61512_mse_0.001751.png,61512,0.001751
tile_55346_mse_0.001751.png,55346,0.001751
tile_60063_mse_0.001750.png,60063,0.00175
tile_26862_mse_0.001750.png,26862,0.00175
tile_60059_mse_0.001750.png,60059,0.00175
tile_61113_mse_0.001750.png,61113,0.00175
tile_19972_mse_0.001750.png,19972,0.00175
tile_08323_mse_0.001749.png,8323,0.001749
tile_38555_mse_0.001749.png,38555,0.001749
tile_12070_mse_0.001749.png,12070,0.001749
tile_33962_mse_0.001748.png,33962,0.001748
tile_48796_mse_0.001748.png,48796,0.001748
tile_62729_mse_0.001748.png,62729,0.001748
tile_26572_mse_0.001747.png,26572,0.001747
tile_61780_mse_0.001747.png,61780,0.001747
tile_02109_mse_0.001747.png,2109,0.001747
tile_06299_mse_0.001746.png,6299,0.001746
tile_27528_mse_0.001746.png,27528,0.001746
tile_67152_mse_0.001746.png,67152,0.001746
tile_46352_mse_0.001746.png,46352,0.001746
tile_61556_mse_0.001746.png,61556,0.001746
tile_51081_mse_0.001746.png,51081,0.001746
tile_57057_mse_0.001746.png,57057,0.001746
tile_56983_mse_0.001745.png,56983,0.001745
tile_46236_mse_0.001745.png,46236,0.001745
tile_66320_mse_0.001745.png,66320,0.001745
tile_05161_mse_0.001745.png,5161,0.001745
tile_44794_mse_0.001745.png,44794,0.001745
tile_21659_mse_0.001744.png,21659,0.001744
tile_00096_mse_0.001744.png,96,0.001744
tile_49206_mse_0.001743.png,49206,0.001743
tile_50708_mse_0.001743.png,50708,0.001743
tile_09283_mse_0.001743.png,9283,0.001743
tile_12409_mse_0.001742.png,12409,0.001742
tile_58208_mse_0.001742.png,58208,0.001742
tile_52231_mse_0.001741.png,52231,0.001741
tile_68337_mse_0.001741.png,68337,0.001741
tile_26957_mse_0.001740.png,26957,0.00174
tile_44826_mse_0.001740.png,44826,0.00174
tile_48238_mse_0.001740.png,48238,0.00174
tile_33366_mse_0.001739.png,33366,0.001739
tile_30401_mse_0.001739.png,30401,0.001739
tile_08918_mse_0.001739.png,8918,0.001739
tile_19702_mse_0.001739.png,19702,0.001739
tile_03256_mse_0.001738.png,3256,0.001738
tile_64237_mse_0.001738.png,64237,0.001738
tile_36477_mse_0.001738.png,36477,0.001738
tile_13538_mse_0.001738.png,13538,0.001738
tile_15044_mse_0.001738.png,15044,0.001738
tile_48489_mse_0.001738.png,48489,0.001738
tile_26257_mse_0.001738.png,26257,0.001738
tile_14335_mse_0.001737.png,14335,0.001737
tile_66426_mse_0.001737.png,66426,0.001737
tile_45453_mse_0.001737.png,45453,0.001737
tile_40485_mse_0.001737.png,40485,0.001737
tile_36059_mse_0.001736.png,36059,0.001736
tile_03914_mse_0.001736.png,3914,0.001736
tile_56716_mse_0.001736.png,56716,0.001736
tile_38836_mse_0.001736.png,38836,0.001736
tile_17387_mse_0.001736.png,17387,0.001736
tile_01555_mse_0.001735.png,1555,0.001735
tile_01209_mse_0.001735.png,1209,0.001735
tile_13501_mse_0.001735.png,13501,0.001735
tile_06728_mse_0.001735.png,6728,0.001735
tile_62389_mse_0.001735.png,62389,0.001735
tile_38526_mse_0.001735.png,38526,0.001735
tile_14725_mse_0.001735.png,14725,0.001735
tile_22293_mse_0.001734.png,22293,0.001734
tile_68692_mse_0.001734.png,68692,0.001734
tile_61243_mse_0.001733.png,61243,0.001733
tile_25001_mse_0.001733.png,25001,0.001733
tile_27017_mse_0.001733.png,27017,0.001733
tile_14176_mse_0.001733.png,14176,0.001733
tile_62756_mse_0.001733.png,62756,0.001733
tile_46597_mse_0.001732.png,46597,0.001732
tile_29968_mse_0.001730.png,29968,0.00173
tile_55337_mse_0.001730.png,55337,0.00173
tile_47191_mse_0.001729.png,47191,0.001729
tile_11292_mse_0.001729.png,11292,0.001729
tile_35865_mse_0.001729.png,35865,0.001729
tile_03087_mse_0.001729.png,3087,0.001729
tile_49800_mse_0.001729.png,49800,0.001729
tile_15785_mse_0.001729.png,15785,0.001729
tile_68918_mse_0.001728.png,68918,0.001728
tile_12114_mse_0.001728.png,12114,0.001728
tile_40438_mse_0.001727.png,40438,0.001727
tile_01186_mse_0.001727.png,1186,0.001727
tile_12260_mse_0.001727.png,12260,0.001727
tile_36970_mse_0.001727.png,36970,0.001727
tile_60923_mse_0.001727.png,60923,0.001727
tile_58319_mse_0.001726.png,58319,0.001726
tile_69944_mse_0.001726.png,69944,0.001726
tile_55961_mse_0.001726.png,55961,0.001726
tile_35552_mse_0.001726.png,35552,0.001726
tile_56189_mse_0.001726.png,56189,0.001726
tile_60643_mse_0.001725.png,60643,0.001725
tile_68338_mse_0.001725.png,68338,0.001725
tile_07608_mse_0.001725.png,7608,0.001725
tile_17191_mse_0.001725.png,17191,0.001725
tile_36119_mse_0.001725.png,36119,0.001725
tile_08578_mse_0.001724.png,8578,0.001724
tile_54643_mse_0.001724.png,54643,0.001724
tile_51712_mse_0.001724.png,51712,0.001724
tile_11795_mse_0.001723.png,11795,0.001723
tile_03208_mse_0.001723.png,3208,0.001723
tile_64727_mse_0.001723.png,64727,0.001723
tile_48318_mse_0.001723.png,48318,0.001723
tile_40744_mse_0.001723.png,40744,0.001723
tile_14766_mse_0.001723.png,14766,0.001723
tile_60397_mse_0.001722.png,60397,0.001722
tile_46137_mse_0.001722.png,46137,0.001722
tile_24161_mse_0.001722.png,24161,0.001722
tile_43589_mse_0.001721.png,43589,0.001721
tile_46614_mse_0.001721.png,46614,0.001721
tile_38622_mse_0.001721.png,38622,0.001721
tile_09661_mse_0.001720.png,9661,0.00172
tile_52837_mse_0.001720.png,52837,0.00172
tile_62250_mse_0.001720.png,62250,0.00172
tile_53103_mse_0.001719.png,53103,0.001719
tile_42762_mse_0.001719.png,42762,0.001719
tile_69786_mse_0.001718.png,69786,0.001718
tile_67870_mse_0.001718.png,67870,0.001718
tile_13228_mse_0.001718.png,13228,0.001718
tile_50372_mse_0.001718.png,50372,0.001718
tile_37972_mse_0.001717.png,37972,0.001717
tile_49947_mse_0.001717.png,49947,0.001717
tile_27370_mse_0.001716.png,27370,0.001716
tile_09271_mse_0.001716.png,9271,0.001716
